OHfDE?VB_PC`Q`oACJOai	n=16	m=39	alpha=5
OsAIpoeaG`GhHcYAGHO_j	n=16	m=40	alpha=5
O_AJBoC[LPOKDbAdM_Kt?	n=16	m=40	alpha=5
O?OL?sgeADkI|?HQAse`A	n=16	m=39	alpha=5
OgmQ@KqBaa@KgA@`iAs@q	n=16	m=40	alpha=5
O@_DNBCFPP?XOeZ?Y__`M	n=16	m=39	alpha=5
O]G@iAJbPH?WEOp@gBooW	n=16	m=39	alpha=5
Oq?[KqG@ZScgODKggS`oD	n=16	m=40	alpha=5
PE_FG`l_QWeAOCN?o_oUKGQG	n=17	m=42	alpha=5
P_g@Bh]_dgO_C`RC`I`_gOAk	n=17	m=42	alpha=5
PkOgCOC`amGEM@KwOSPAHEgC	n=17	m=42	alpha=5
PGS@Q?CK[f?Wpcj@EgCPHsH?	n=17	m=42	alpha=5
P]CiAAFG?KaaG`aRAHQPcas?	n=17	m=42	alpha=5
PXFCEPAGOk`QJGOB?WWhHcKO	n=17	m=42	alpha=5
PXEG_BP_oDD@@pHQXWAOsTD?	n=17	m=42	alpha=5
P@gGMf_QCgAUGeP@hPD?B@[C	n=17	m=42	alpha=5
QsSkGcAIYJDK?f`CDGIhD[GpQD?	n=18	m=52	alpha=6
QdOdPO_WAiBe`[?m?PqN?`OWWOo	n=18	m=50	alpha=6
Qci?s?B\JEJGXoOoBdHHIEGq?WW	n=18	m=52	alpha=6
Q[HOXcDS`@`abQUGJC@CN_RZAc?	n=18	m=52	alpha=6
QsDkJSC_KP@QKHO@EPGIuQCgP`G	n=18	m=49	alpha=6
QsMAWX?KxbOK_CRBcOaaD?b_Ka_	n=18	m=49	alpha=6
QhEl@PSi?T?McQQ_io_F??E[SLO	n=18	m=50	alpha=6
QAmPJ?KQcbcaoHCgW?gUD@SrAcG	n=18	m=50	alpha=6
R?COOdo@mWPkq?s_YA@AuHOzhO@C\?	n=19	m=55	alpha=6
RMp?g_DgpPDgOFh?AbAEQAoq?cxTD?	n=19	m=55	alpha=6
RU@?EP_Y`e?[O_I?ps?nAN@aC\CG{?	n=19	m=54	alpha=6
RKr?GSSMaaSP_SH?sK?sBOHd@t?TQ?	n=19	m=53	alpha=6
RAwB@aFWNGBP_sEeOaaGK?O]o?OwCO	n=19	m=53	alpha=6
RQFC?[UWXgGGY_DC?C[OxIHQP?gSYG	n=19	m=53	alpha=6
ROWUGuKsE_@a?RE_ESP?YGZOcRAB?g	n=19	m=53	alpha=6
RbYHAK@D?CsIEJeIPU?lGOAK`RJHO?	n=19	m=55	alpha=6
SP??P@@dgLOcC@ERLBUQSX_okaEy?AeGG	n=20	m=59	alpha=6
SWSHhOcOcB_Mc[DAD?kOIooRSC?CTg``o	n=20	m=59	alpha=6
SpSgJCH`SSCDSdcgAUCOHSI?_PYGHGIEo	n=20	m=59	alpha=6
SkQG@IBi`KIFH@EOfOC?RP_OWgAECgAdW	n=20	m=58	alpha=6
SWcq`_J_pCE?@N?`Y?[IQ@GHGSYOwQYQ?	n=20	m=58	alpha=6
SGvDaE`IO\AgCGGAw?gKdOF_SocaAPOGk	n=20	m=59	alpha=6
SFb?OlHgk@KPQSCAc`UC@E@Ge`GGoPQAc	n=20	m=58	alpha=6
S`cTAKES_QlCGWA_iDKG[CP?goZGQSGdO	n=20	m=59	alpha=6
T?@gFT?GB_?PamC\FCbc?AEEU_KKBSHgbWS?	n=21	m=63	alpha=6
T?BwrEPASQA@G@YH?tT?hU?eARE_c@?O\As@	n=21	m=63	alpha=6
TWOH@a@@iMIAd?_B@SoQaTgEJC@pO@gB@?AV	n=21	m=61	alpha=6
TApA?P@EJ??XB@_isYPT?COUoaCgGdGgOFWC	n=21	m=60	alpha=6
T@@_AfiDGY[P_EaSBoQcCGASaBEo?[Y?_?Sl	n=21	m=63	alpha=6
TBqOo_lEDA[??CPEOIBKDG?GE[GQMSEEPAiG	n=21	m=61	alpha=6
TIH?xG@@@_bGkKGcQGIPP`JOAgeQ_MDgACDS	n=21	m=62	alpha=6
TDHKHDYS?S_M_Sh@?D]Q??cLGBN?H?iOKcMG	n=21	m=62	alpha=6
U?Io_ODaEE?UPP[PPSIK_GIDaoCoCW_tA`?PU@AG	n=22	m=66	alpha=6
VIlKM?poIT?Y`GACaOKHAl@OcW`cC_eAG_Mp?UIaOLa?	n=23	m=78	alpha=7
V_\@AdOc?DqOABSAOOWBcH\GcDTgO_Lc?KGogWoGAIF?	n=23	m=74	alpha=7
VMoADCD?c?C__LEjWaGagPQ`?{@PO_cHSgw@D_`gyCG?	n=23	m=74	alpha=7
VO`XI@_GSIYA?pAmYQCaA]A`AOPIBHOTGZ_??@E{Hc?_	n=23	m=75	alpha=7
VYOI@RDdsaCp?I?DaGsSCAaOIheGB@G@o_QMCHEcmC??	n=23	m=75	alpha=7
VUWO[IK_?QeYWoO{GD_`SBCgqO`GBCO?cCNDOOFeCOS?	n=23	m=76	alpha=7
VDF@AO`oJO@qHO_oISPWb_q?ShA`MQ_AA@K`?HeOScI?	n=23	m=74	alpha=7
VpSb?\O@GSoLP@cOaQSa_SS?GTCHPB?J?_hwG?f_L?y?	n=23	m=75	alpha=7
WKQ`_YgM?Hgo?X_TWPEEOa_?CQiaOOoGgPcgGAoWwD_GSG`	n=24	m=79	alpha=7
W?K_OEL`c_EIRBWUS?Va?d_PAkAQo?IP???}ACFQd@?mS?K	n=24	m=79	alpha=7
WSAHJGRC@_GfocC`PZ@?aX?WGoGqKpPa@Q?T_QPEPO_?`Qg	n=24	m=80	alpha=7
WRWKRCQaA?AiOCCU@@`?FG`qCbaH`SOWfC_WDeC?ADBcdO?	n=24	m=79	alpha=7
W?`ATn?CIQHGheNG]?BO___SOkO_K_?z?SKGGg?|C_L@aDo	n=24	m=81	alpha=7
WE?ISH?YS?aqHaP?BDJAHiHOB?gHOHfQ?OqS_HpDCADB?AQ	n=24	m=78	alpha=7
WsOPqMHW?DccBAO`P`G`eO`HOKC?EKOg?CoIGOrPAOuCGEk	n=24	m=80	alpha=7
W[C@??ILEC?NAE?@Wk@HQqsCQBc[A@YQ@UC?GWoIjE?IGQO	n=24	m=78	alpha=7
X?BI_AI_?o{HgqW[NA?B@WACiOOgIcU?SICOsO@?@cTa_XcL[?G	n=25	m=85	alpha=7
XgAY@sGiDdF?_hCkOKaGI@cHOo@L??Ac_@I[?BBpGF?j??\a?Ro	n=25	m=86	alpha=7
XOKHgDcW?SOg__@Uk@p_IcGWGUG@s_bs@ICI@?D]IOgYG?Qa[GC	n=25	m=86	alpha=7
X@b_?rO_Cc@owo@SJAA_g?As@{C?HROoCFoA@wIPTAcLO@_GBWG	n=25	m=84	alpha=7
XGAxCcw_moGkECCDG_XAp_G`I@[@@HASE?EO?bI@QADgoHKUCAW	n=25	m=86	alpha=7
XYOxOeA@co?Hc`@Igc_OCOL?_GwCB`pGD?cOeC@kI?TCJE?oSPO	n=25	m=83	alpha=7
XA??AGaCChXEEWIEE_@?SMoBmOEGEQCTBCoWD`SCU`_PM?I?p[?	n=25	m=85	alpha=7
XiA@o_sR@_u?aQAJ?IKPOOGg?a?AgsCPLECsJOAPw@KOYH_PoT?	n=25	m=86	alpha=7
Y?{OEKpW__`HOg`Cc_u@PG`S@OdKOA_ICOAM_AbOHg@`s?gk_@AOAWH_	n=26	m=90	alpha=7
YLEa?K_?@?@s_gR?AUHAcaAL?SKDqERo@KY?OBK?_}?ASIciO@ECO`c?	n=26	m=89	alpha=7
Y?f?cAAWHX?Cg`@C}??]hCTBAGGOBIaY?c_JQ?_HiGCd?g_?aIDSW_`?	n=26	m=88	alpha=7
YOOCrjCB?GR_?@_CKB_BFII?BQM_s@K?cwhCGm_CO?__o\@S?qQOBPQ?	n=26	m=90	alpha=7
Y?l?gPAlGP@_QcWbO?Xi@[?A?cRa@CJAOPc__rA??[e?`Psw_?I?UJ?_	n=26	m=90	alpha=7
YGAdOG?DCP_OGKPBEK_Fai\@U_E_?_XGC_KSCooUqC@@?[oSR_?qCGK?	n=26	m=89	alpha=7
YO`BO?VJCgM?`PC_gD?oDIQ?E?OPW@QBGd@QoKR??hXYI?o?vC?s??q_	n=26	m=89	alpha=7
Yk@[KQ?SPSaD?@CAHCXTe@Ca?A?EEAP?]_?i@DPGJOHEWCIOpQ?MG@__	n=26	m=88	alpha=7
[K_@lG@J??HHIGCLGUCCsK@HIHE?EP?B_SED?ObAX?oS@KFpAaO?d?ebd?YAqOAA	n=28	m=104	alpha=8
[pIQOo_XABO@PO?ACOooi_oO`D?OoAH@|O?eALaGFi@CwGQ_gd_BAJAASwOIXB??	n=28	m=105	alpha=8
[MAGESYP?a_@_dG[A?iHDoH?_Igi?TO`?AGRHaIESIK?GaiIAg`E?qHGoggT@gCA	n=28	m=106	alpha=8
[CB?boG_NOD?wgJcADJo_@f?s_?LOc?Hg@BJSD?aC_H?y?G_OMEog?GA@w@hO@SY	n=28	m=104	alpha=8
[EgG_G?WRGSG`kO@?_IOL_KGWx?UQOpp@ECHG?HkCo_[[C?KOU?DH?aWW?IGqEOo	n=28	m=102	alpha=8
[gkK?@DAGTAAhPP`ES?_UScaCOpE_aUGG_OPOCK@aQG`CWE`RAK`AIpCW__c`AD`	n=28	m=106	alpha=8
[BWACG_OWHKHX?BgRc_w?_dcAYs_u?qOOB_QB?B_os?W??NGQ[@c@PG?S?J\C?ao	n=28	m=104	alpha=8
[ocoCICI?Be@QhOlMP?@@BaCIc@QAaBgO?B`CScC?d[QQ?SQpCG@AOUkG@_iGOL_	n=28	m=105	alpha=8
\sM@@@HSaOM?AC_RoTb??_U?@W?_DxHoCDOo@@dCOGJIO@MR_O_KGAK`_M_gmS_O@hf??	n=29	m=112	alpha=8
\HG_?gOEe\?C@gCAWIy?cE_Gb`SGg[wGa_DWpKAAF?BH?WOgpC@GFAB@WiA?OECst?@?[	n=29	m=113	alpha=8
\_PSrE?CZ`GSH@CPCs??@JGSW_RC?GAPGXCQjD?SOucPAYW?DAoOccOS_GcK?VHC?QcCg	n=29	m=112	alpha=8
\X_AwQCc@?IgCY?WD_K_AREQTGA?Dk?CP@wpUI?@I_acQGYG{?_AJC@HaW?CCYCO?@LSg	n=29	m=110	alpha=8
\UaAK???@CA_RQoNOQO?HDC@c_`dcC@CobC@IwE?OA|BfACARB_EUD?CY_GAH@?VQIEGG	n=29	m=111	alpha=8
\?ABIq_AGdV?o?Age_MO@OFHg?BGa???{BS`HUcCApGQO@qVG?Q@X_P@@OS?hCx?cc@?W	n=29	m=109	alpha=8
\IOp?CLCD@ggiDEbQS?aSOAgp?GaOEK?iGSSP?h`@AVWU?o?@K@@_AgPI?B[[_SCGKOSo	n=29	m=112	alpha=8
\?@mvaSAF?_\`Cc@@G?QQG_KOGao??oKROO_OKRB@bADCGcGgcG?agdO_`pP?Kl?@SPOo	n=29	m=110	alpha=8
]?oQ`\@E@OOr?m?aGALHa?H?P@K`A@D@H_OEPA?oWABG?qocQIB_iHAO_XKD_DOo?S?DWkAi?G	n=30	m=115	alpha=8
]WSq@EHPCC_C?SSRE@PcgGB?gI?A`CcKCMBIs?Bc[K?OIcCBACPAOEO?UKAWHA{Gp@H?OO_IIG	n=30	m=116	alpha=8
]??LKI?U_Hg[`?CBccLgGS_G@Q`p?@O[RgGCt?@OAatMKO?IWQCOAc_aGCKK?W[@A_GFTI`S?_	n=30	m=118	alpha=8
]P`S?X@@@PCICqWsYJ?KOcOCIoH?DhGCIC@AU`??KOSH?o@EHSQObAWDEQC?@@bg_K?tAODCGo	n=30	m=116	alpha=8
]ACOS?oW?_?_aF@?QAnKOKpRgD?FPG_EcH\?`?AgKoIHC_IOwoCoGAICwS?gRG_oJAGOqaH?CO	n=30	m=117	alpha=8
]@_[GPPQAABOH@XOLO?Ac?@U_kOI@GHPaOZ_S?CeaCOBPI?A?@]GmACOCTA_DsSCw@?p?bO?A_	n=30	m=113	alpha=8
]?K@bBOBwU???J?ICcegOAODGA`?i`gEATAAh?_?D?]aGKAOEI[p_q?W@@Wd_iW??pTCJKC?K?	n=30	m=115	alpha=8
]@POOGE_F@?aAR`??bE`CiHAWcCKCA??Sb@tIGORB_CCQWgsPGDA@[QDIIO?eYA?CuACOAAkW_	n=30	m=117	alpha=8
