S]KoWZBou?W?K?K?@`_WW?roBN?@f_@f_	20	60	12
S?~vf_NBo]@w?N?N?F_@w{?~oBv_Ff_F_	20	80	16
ShCGGC@_K?G?GAC@@?OGA?_G@?O@OO?gG	20	30	6
ShCGGC@_K?G?G?CA@?_GC?_O@G_@G_?cO	20	30	0
ShCGGC@_K?G?G?C?@@?GG?a_@D?@D??a_	20	30	4
SlSggSD?gA_D?D?A_?g?D??U??i??l??S	20	40	0
ShdHGcH@GC_H?H?C_@G?H_?d?@H?@K_?c	20	40	8
ShEIHCPAGG_P?P?G_AK?PO@C_AG_AKO@C	20	40	0
ShCKIC`CGO_`?`?OoCI?`GACOCGOCKGAC	20	40	8
ShCGKD@GG_`@@@__gGH@@CCCGGGGGKCCC	20	40	0
ShCGGE@OH?a@a@P?cOGa@AGCCOGCOKAGC	20	40	6
ShCGGC@_I?s@S@I?a_GS@@OCA_GA_K@OC	20	40	0
ShCGGC@?K?g@G@C?`?GG@?_C@?G@?K?_C	20	30	2
SUWooWE?oB?E?E?B??o?E??Y??u??r??W	20	40	8
SQIQPGQAOH?Q?Q?H?AS?QO@G_AS_AQO@G	20	40	4
SQGSQGaCOP?a?a?POCQ?aGAGOCSOCQGAG	20	40	0
SQGOSHAGO`@A@A_`GGP@ACCGGGSGGQCCG	20	40	8
SQGOOIAOP@AAaAP@COOaAAGGCOSCOQAGG	20	40	8
SQGOOGA?S@GAGAC@@?OGA?_G@?S@?Q?_G	20	30	0
SCp`_oK@_E?K?K?E?@_?K_?r?@b?@`_?o	20	40	6
SCQa`OSA_I?S?S?I?Ac?SO@Q_Aa_A`O@O	20	40	0
SCO_cPCG_a@C@C_aGG`@CCCQGGaGG`CCO	20	40	0
SCO__QCO`AACaCPACO_aCAGQCOaCO`AGO	20	40	8
SCO__OC_aASCSCIAA__SC@OQA_aA_`@OO	20	40	0
SCO__OC?cAGCGCCA@?_GC?_Q@?a@?`?_O	20	30	2
S?bB@_WB?K?W?W?K?BC?Wo@`_B@_B?o@_	20	40	4
S?`DA_gD?S?g?g?SODA?ggA`OD@OD?gA_	20	40	8
S?`@C`GH?c@G@G_cGH@@GcC`GH@GH?cC_	20	40	6
S?`@?_G`ACSGSGICA`?SG`O`A`@A`?`O_	20	40	8
S?`@?_G@CCGGGGCC@@?GG__`@@@@@?___	20	30	4
S?AEB?oE?W?o?o?WOEE?oWB?oE?oE?WB?	20	40	4
S?AAD@OI?g@O@O_gGID@OSD?gI?gI?SD?	20	40	0
S?AA@AOQ@GAOaOPGCQCaOQH?cQ?cQ?QH?	20	40	4
S?AA@?OaAGSOSOIGAaCSOPP?aa?aa?PP?	20	40	0
S??CA?_cAOS_S_IOQcAS_HQ?Qc?Qc?HQ?	20	40	8
S??CA?_CCOG_G_COPCAG_Ga?PC?PC?Ga?	20	30	0
S???CB?W@_B?b?p_KW@b?EK?KW?KW?EK?	20	40	8
S???C@?gA_T?T?i_Ig@T?DS?Ig?Ig?DS?	20	40	0
S???C@?GC_H?H?c_HG@H?Cc?HG?HG?Cc?	20	30	2
S????A?oB?U?u?Z?Eo?u?BW?Eo?Eo?BW?	20	40	6
S????A?OD?I?i?T?DO?i?Ag?DO?DO?Ag?	20	30	4
S??????_E?[?[?M?B_?[?@o?B_?B_?@o?	20	30	2
SlUihSTAgI_T?T?I_Ak?TO@U_Ai_AlO@S	20	60	0
SlSgkTDGga`D@D_agGh@DCCUGGiGGlCCS	20	60	0
SlSggUDOhAaDaDPAcOgaDAGUCOiCOlAGS	20	60	12
SlSggSD_iAsDSDIAa_gSD@OUA_iA_l@OS	20	60	0
SlSggSD?kAgDGDCA`?gGD?_U@?i@?l?_S	20	50	8
ShdLIchDGS_h?h?SoDI?hgAdODHODKgAc	20	60	12
ShdHKdHHGc`H@H_cgHH@HcCdGHHGHKcCc	20	60	12
ShdHGcH`ICsHSHICa`GSH`OdA`HA`K`Oc	20	60	12
ShdHGcH@KCgHGHCC`@GGH__d@@H@@K__c	20	50	10
ShEILDPIGg`P@P_ggIL@PSDCgIGgIKSDC	20	60	0
ShEIHEPQHGaPaPPGcQKaPQHCcQGcQKQHC	20	60	12
ShEIHCPaIGsPSPIGaaKSPPPCaaGaaKPPC	20	60	0
ShCKIC`cIOs`S`IOqcIS`HQCQcGQcKHQC	20	60	12
ShCKIC`CKOg`G`COpCIG`GaCPCGPCKGaC	20	50	10
ShCGKD@gI_t@T@i_igHT@DSCIgGIgKDSC	20	60	0
ShCGKD@GK_h@H@c_hGHH@CcCHGGHGKCcC	20	50	8
ShCGGE@OL?i@i@T?dOGi@AgCDOGDOKAgC	20	50	6
SUWosXEGob@E@E_bGGp@ECCYGGuGGrCCW	20	60	12
SUWooYEOpBAEaEPBCOoaEAGYCOuCOrAGW	20	60	12
SUWooWE?sBGEGECB@?oGE?_Y@?u@?r?_W	20	50	10
SQIURGqEOX?q?q?XOEU?qWBGoESoEQWBG	20	60	10
SQIQPIQQPHAQaQPHCQSaQQHGcQScQQQHG	20	60	8
SQGSQGaCSPGaGaCPPCQGaGaGPCSPCQGaG	20	50	0
SQGOSJAWP`BAbAp`KWPbAEKGKWSKWQEKG	20	60	12
SQGOSHAGS`HAHAc`HGPHACcGHGSHGQCcG	20	50	10
SCrb`o[B_M?[?[?M?Bc?[o@r_Bb_B`o@o	20	60	12
SCp`_oK`aESKSKIEA`_SK`OrA`bA```Oo	20	60	12
SCp`_oK@cEGKGKCE@@_GK__r@@b@@`__o	20	50	6
SCQadPSI_i@S@S_iGId@SSDQgIagI`SDO	20	60	0
SCQa`OSaaISSSSIIAacSSPPQaaaaa`PPO	20	60	0
SCO_cRCW`aBCbCpaKW`bCEKQKWaKW`EKO	20	60	12
SCO_cPCgaaTCTCiaIg`TCDSQIgaIg`DSO	20	60	0
SCO__QCOdAICiCTADO_iCAgQDOaDO`AgO	20	50	10
SCO__OC_eA[C[CMAB__[C@oQB_aB_`@oO	20	50	8
S?bFB_wF?[?w?w?[OFE?wwB`oF@oF?wB_	20	60	8
S?bBD`WJ?k@W@W_kGJD@WsD`gJ@gJ?sD_	20	60	12
S?`DA_gdASSgSgISQdASghQ`Qd@Qd?hQ_	20	60	12
S?`@C`GHCcHGHGccHH@HGcc`HH@HH?cc_	20	50	6
S?`@?_G`EC[G[GMCB`?[G`o`B`@B`?`o_	20	50	10
S?AAD@OiAgTOTOigIiDTOTT?ii?ii?TT?	20	60	0
S?AA@AOqBGUOuOZGEqCuORX?eq?eq?RX?	20	60	12
S??CA?_cEO[_[_MORcA[_Hq?Rc?Rc?Hq?	20	50	10
S???CB?wB_V?v?z_Mw@v?F[?Mw?Mw?F[?	20	60	12
S???CB?WD_J?j?t_LW@j?Ek?LW?LW?Ek?	20	50	10
S???C@?gE_\?\?m_Jg@\?Ds?Jg?Jg?Ds?	20	50	8
S????A?oF?]?}?^?Fo?}?Bw?Fo?Fo?Bw?	20	50	6
SlUilTTIgi`T@T_igIl@TSDUgIigIlSDS	20	80	0
SlUihSTaiIsTSTIIaakSTPPUaaiaalPPS	20	80	0
SlSgkTDgiatDTDiaighTDDSUIgiIglDSS	20	80	0
SlSggUDOlAiDiDTAdOgiDAgUDOiDOlAgS	20	70	12
ShdLIchdISshShISqdIShhQdQdHQdKhQc	20	80	16
ShdHKdHHKchHHHcchHHHHccdHHHHHKccc	20	70	12
ShEILDPiIgtPTPigiiLTPTTCiiGiiKTTC	20	80	0
SUWosZEWpbBEbEpbKWpbEEKYKWuKWrEKW	20	80	16
SCp`_oK`eE[K[KMEB`_[K`orB`bB```oo	20	70	12
SCQadPSiaiTSTSiiIidTSTTQiiaii`TTO	20	80	0
S???CB?wF_^?~?~_Nw@~?F{?Nw?Nw?F{?	20	70	12
