H??????	9	0	0	0
H????A?	9	1	0	0
H????B?	9	2	0	0
H????B_	9	3	0	0
H????Bo	9	4	0	0
H????Bw	9	5	0	0
H????B{	9	6	0	0
H????B}	9	7	0	0
H????B~	9	8	0	0
H???C@?	9	2	0	1
H???CB?	9	3	0	1
H???C@_	9	3	0	1
H???CB_	9	4	0	1
H???C@o	9	4	0	1
H???CBo	9	5	0	1
H???C@w	9	5	0	1
H???CBw	9	6	0	1
H???C@{	9	6	0	1
H???CB{	9	7	0	1
H???C@}	9	7	0	1
H???CB}	9	8	0	0
H???EB?	9	4	0	0
H???EB_	9	5	0	1
H???E?o	9	4	0	2
H???EAo	9	5	0	2
H???EBo	9	6	0	2
H???E?w	9	5	0	2
H???EAw	9	6	0	2
H???EBw	9	7	0	2
H???E?{	9	6	0	2
H???EA{	9	7	0	2
H???EB{	9	8	0	1
H???E?}	9	7	0	1
H???EA}	9	8	0	1
H???EB}	9	9	0	0
H???E?p	9	5	0	2
H???E?x	9	6	0	2
H???E?|	9	7	0	1
H???E?~	9	8	0	0
H???FB_	9	6	0	0
H???FBO	9	6	0	2
H???FBo	9	7	0	1
H???FAW	9	6	0	3
H???FBW	9	7	0	3
H???FBw	9	8	0	2
H???F?[	9	6	0	2
H???FA[	9	7	0	3
H???FB[	9	8	0	2
H???FB{	9	9	0	1
H???F?]	9	7	0	1
H???FA]	9	8	0	2
H???FB]	9	9	0	1
H???FB}	9	10	0	0
H???F?\	9	7	0	1
H???F?^	9	8	0	0
H???Fbo	9	8	0	0
H???Fbg	9	8	0	2
H???Fbw	9	9	0	1
H???FbK	9	8	0	3
H???Fbk	9	9	0	2
H???Fb{	9	10	0	1
H???FaM	9	8	0	2
H???FbM	9	9	0	2
H???Fbm	9	10	0	1
H???Fb}	9	11	0	0
H???Frw	9	10	0	0
H???Frs	9	10	0	2
H???Fr{	9	11	0	1
H???Fre	9	10	0	2
H???Fru	9	11	0	1
H???Fr}	9	12	0	0
H???Fz{	9	12	0	0
H???Fzy	9	12	0	1
H???Fz}	9	13	0	0
H???F~}	9	14	0	0
H??CAB?	9	4	0	2
H??CA?_	9	3	0	2
H??CAA_	9	4	0	2
H??CAB_	9	5	0	2
H??CA?o	9	4	0	2
H??CAAo	9	5	0	2
H??CABo	9	6	0	2
H??CA?w	9	5	0	2
H??CAAw	9	6	0	2
H??CABw	9	7	0	2
H??CA?{	9	6	0	2
H??CAA{	9	7	0	2
H??CAB{	9	8	0	2
H??CEB_	9	6	0	2
H??CE@o	9	6	0	3
H??CEBo	9	7	0	3
H??CE?w	9	6	0	3
H??CEAw	9	7	0	3
H??CE@w	9	7	0	3
H??CEBw	9	8	0	2
H??CE?{	9	7	0	3
H??CEA{	9	8	0	2
H??CE@{	9	8	0	2
H??CEB{	9	9	0	1
H??CE@A	9	5	1	3
H??CE@a	9	6	1	3
H??CE@q	9	7	1	3
H??CE@y	9	8	1	3
H??CE@}	9	9	1	2
H??CBB?	9	5	0	3
H??CB@_	9	5	0	1
H??CBB_	9	6	0	2
H??CBAO	9	5	0	3
H??CBBO	9	6	0	3
H??CB@o	9	6	0	2
H??CBBo	9	7	0	3
H??CB?W	9	5	0	3
H??CBAW	9	6	0	3
H??CB@W	9	6	0	3
H??CBBW	9	7	0	3
H??CB@w	9	7	0	3
H??CBBw	9	8	0	3
H??CB?[	9	6	0	3
H??CBA[	9	7	0	3
H??CB@[	9	7	0	3
H??CBB[	9	8	0	3
H??CB@{	9	8	0	3
H??CBB{	9	9	0	2
H??CBAP	9	6	0	3
H??CB?X	9	6	0	3
H??CBAX	9	7	0	3
H??CB?\	9	7	0	3
H??CBA\	9	8	0	2
H??CFBo	9	8	0	2
H??CFBW	9	8	0	4
H??CF@w	9	8	0	4
H??CFBw	9	9	0	3
H??CFA[	9	8	0	4
H??CF@[	9	8	0	4
H??CFB[	9	9	0	3
H??CF@{	9	9	0	3
H??CFB{	9	10	0	2
H??CF@a	9	7	1	3
H??CF@Q	9	7	1	4
H??CF@q	9	8	1	4
H??CF?Y	9	7	0	3
H??CF@Y	9	8	1	4
H??CF@y	9	9	1	3
H??CF?]	9	8	0	2
H??CF@]	9	9	1	3
H??CF@}	9	10	1	2
H??CF?Z	9	8	0	2
H??CF?^	9	9	0	1
H??CBb_	9	7	0	3
H??CB`o	9	7	0	1
H??CBbo	9	8	0	2
H??CBbG	9	7	0	4
H??CB`g	9	7	0	3
H??CBbg	9	8	0	4
H??CB`w	9	8	0	2
H??CBbw	9	9	0	3
H??CBaK	9	7	0	3
H??CB`K	9	7	0	4
H??CBbK	9	8	0	4
H??CB`k	9	8	0	4
H??CBbk	9	9	0	3
H??CB`{	9	9	0	3
H??CBb{	9	10	0	2
H??CBaL	9	8	0	2
H??CFbo	9	9	0	1
H??CFbg	9	9	0	3
H??CFbw	9	10	0	2
H??CFbK	9	9	0	4
H??CFbk	9	10	0	3
H??CF`{	9	10	0	3
H??CFb{	9	11	0	2
H??CF`q	9	9	1	3
H??CF`i	9	9	1	4
H??CF`y	9	10	1	3
H??CF`M	9	9	1	3
H??CF`m	9	10	1	3
H??CF`}	9	11	1	2
H??CBro	9	9	0	3
H??CBpw	9	9	0	1
H??CBrw	9	10	0	2
H??CBrc	9	9	0	4
H??CBps	9	9	0	3
H??CBrs	9	10	0	3
H??CBp{	9	10	0	2
H??CBr{	9	11	0	2
H??CFrw	9	11	0	1
H??CFrs	9	11	0	2
H??CFr{	9	12	0	1
H??CFpy	9	11	1	2
H??CFpu	9	11	1	2
H??CFp}	9	12	1	1
H??CBzw	9	11	0	2
H??CBx{	9	11	0	1
H??CBz{	9	12	0	1
H??CFz{	9	13	0	0
H??CFx}	9	13	1	0
H??EEB_	9	7	0	1
H??EEBo	9	8	0	2
H??EE?w	9	7	0	3
H??EEAw	9	8	0	2
H??EEBw	9	9	0	1
H??EE?{	9	8	0	2
H??EEA{	9	9	0	1
H??EEB{	9	10	0	0
H??ED@_	9	6	0	3
H??EDB_	9	7	0	2
H??ED@o	9	7	0	4
H??EDBo	9	8	0	3
H??ED@W	9	7	0	4
H??EDBW	9	8	0	4
H??ED@w	9	8	0	4
H??EDBw	9	9	0	3
H??ED?[	9	7	0	4
H??EDA[	9	8	0	4
H??ED@[	9	8	0	4
H??EDB[	9	9	0	3
H??ED@{	9	9	0	3
H??EDB{	9	10	0	2
H??ED?q	9	7	1	4
H??ED?y	9	8	1	4
H??ED?]	9	8	0	3
H??ED?}	9	9	1	3
H??ED?R	9	7	0	3
H??ED?Z	9	8	0	3
H??ED?^	9	9	0	2
H??EFB_	9	8	0	1
H??EFBO	9	8	0	2
H??EFBo	9	9	0	2
H??EFBW	9	9	0	3
H??EFAw	9	9	0	3
H??EFBw	9	10	0	2
H??EFA[	9	9	0	3
H??EFB[	9	10	0	2
H??EF?{	9	9	0	3
H??EFA{	9	10	0	2
H??EFB{	9	11	0	1
H??EF?q	9	8	1	4
H??EF?Y	9	8	0	3
H??EF?y	9	9	1	3
H??EF?]	9	9	0	2
H??EF?}	9	10	1	2
H??EF?^	9	10	0	1
H??E@b?	9	6	0	2
H??E@b_	9	7	0	3
H??E@bo	9	8	0	4
H??E@bG	9	7	0	3
H??E@ag	9	7	0	4
H??E@bg	9	8	0	4
H??E@bw	9	9	0	4
H??E@_K	9	6	0	4
H??E@aK	9	7	0	4
H??E@bK	9	8	0	4
H??E@ak	9	8	0	4
H??E@bk	9	9	0	4
H??E@b{	9	10	0	3
H??E@_q	9	7	0	3
H??E@_i	9	7	0	4
H??E@_y	9	8	0	3
H??E@_M	9	7	0	4
H??E@_m	9	8	0	4
H??E@_}	9	9	0	3
H??E@_J	9	7	0	4
H??E@_N	9	8	0	4
H??ED`o	9	8	0	4
H??EDbo	9	9	0	3
H??ED`g	9	8	0	5
H??EDbg	9	9	0	4
H??EDaw	9	9	0	3
H??ED`w	9	9	0	5
H??EDbw	9	10	0	4
H??ED`K	9	8	0	4
H??EDbK	9	9	0	5
H??EDak	9	9	0	5
H??ED`k	9	9	0	5
H??EDbk	9	10	0	4
H??ED_{	9	9	0	4
H??EDa{	9	10	0	4
H??ED`{	9	10	0	4
H??EDb{	9	11	0	3
H??ED_i	9	8	1	5
H??ED_y	9	9	1	4
H??ED_M	9	8	0	4
H??ED_m	9	9	1	4
H??ED_}	9	10	1	3
H??ED`L	9	9	1	3
H??EFbo	9	10	0	2
H??EFbg	9	10	0	3
H??EFbw	9	11	0	3
H??EFbK	9	10	0	4
H??EFbk	9	11	0	3
H??EFa{	9	11	0	3
H??EFb{	9	12	0	2
H??EF_}	9	11	1	2
H??E@r_	9	8	0	4
H??E@qo	9	8	0	4
H??E@ro	9	9	0	4
H??E@ow	9	8	0	2
H??E@qw	9	9	0	3
H??E@rw	9	10	0	3
H??E@rC	9	8	0	3
H??E@qc	9	8	0	5
H??E@rc	9	9	0	4
H??E@os	9	8	0	4
H??E@qs	9	9	0	4
H??E@rs	9	10	0	3
H??E@o{	9	9	0	3
H??E@q{	9	10	0	3
H??E@r{	9	11	0	2
H??E@oy	9	9	0	2
H??E@ou	9	9	0	3
H??E@o}	9	10	0	2
H??E@rD	9	9	0	2
H??EDro	9	10	0	4
H??EDqw	9	10	0	2
H??EDpw	9	10	0	4
H??EDrw	9	11	0	3
H??EDrc	9	10	0	4
H??EDqs	9	10	0	4
H??EDps	9	10	0	4
H??EDrs	9	11	0	3
H??EDq{	9	11	0	3
H??EDp{	9	11	0	3
H??EDr{	9	12	0	2
H??EDo}	9	11	1	2
H??EFrw	9	12	0	2
H??EFrs	9	12	0	2
H??EFr{	9	13	0	1
H??E@zo	9	10	0	3
H??E@yw	9	10	0	3
H??E@zw	9	11	0	2
H??E@w{	9	10	0	2
H??E@y{	9	11	0	2
H??E@z{	9	12	0	1
H??E@w}	9	11	0	1
H??EDzw	9	12	0	2
H??EDy{	9	12	0	2
H??EDx{	9	12	0	2
H??EDz{	9	13	0	1
H??EFz{	9	14	0	0
H??E@fo	9	9	1	4
H??E@fg	9	9	1	4
H??E@fw	9	10	1	3
H??E@fK	9	9	0	3
H??E@ek	9	9	1	4
H??E@fk	9	10	1	3
H??E@f{	9	11	1	2
H??E@cy	9	9	0	2
H??E@cm	9	9	0	3
H??E@c}	9	10	0	2
H??E@vo	9	10	1	3
H??E@uw	9	10	1	3
H??E@vw	9	11	1	2
H??E@vc	9	10	1	3
H??E@us	9	10	1	3
H??E@vs	9	11	1	2
H??E@s{	9	10	0	2
H??E@u{	9	11	1	2
H??E@v{	9	12	1	1
H??E@s}	9	11	0	1
H??E@~w	9	12	1	1
H??E@}{	9	12	1	1
H??E@~{	9	13	1	0
H??E@{}	9	12	0	0
H??FFB_	9	9	0	0
H??FFBo	9	10	0	1
H??FFBW	9	10	0	2
H??FFBw	9	11	0	1
H??FFA[	9	10	0	2
H??FFB[	9	11	0	1
H??FFB{	9	12	0	0
H??FF?Z	9	10	0	1
H??FF?^	9	11	0	0
H??FEbo	9	10	0	2
H??FEbg	9	10	0	3
H??FEaw	9	10	0	4
H??FEbw	9	11	0	3
H??FEbK	9	10	0	4
H??FEak	9	10	0	4
H??FEbk	9	11	0	3
H??FE_{	9	10	0	4
H??FEa{	9	11	0	3
H??FEb{	9	12	0	2
H??FE_N	9	10	0	2
H??FFbo	9	11	0	1
H??FFbg	9	11	0	2
H??FFbw	9	12	0	2
H??FFbk	9	12	0	2
H??FFb[	9	12	0	2
H??FFb{	9	13	0	1
H??FF_]	9	11	1	2
H??FCpo	9	9	0	5
H??FCro	9	10	0	4
H??FCpw	9	10	0	5
H??FCrw	9	11	0	4
H??FCrc	9	10	0	4
H??FCpS	9	9	0	6
H??FCrS	9	10	0	5
H??FCps	9	10	0	5
H??FCrs	9	11	0	4
H??FCp{	9	11	0	4
H??FCr{	9	12	0	3
H??FCo]	9	10	1	3
H??FEro	9	11	0	3
H??FErW	9	11	0	3
H??FEqw	9	11	0	4
H??FErw	9	12	0	3
H??FErc	9	11	0	3
H??FErS	9	11	0	4
H??FEqs	9	11	0	4
H??FErs	9	12	0	3
H??FEr[	9	12	0	3
H??FEq{	9	12	0	3
H??FEr{	9	13	0	2
H??FEo]	9	11	1	2
H??FFrw	9	13	0	2
H??FFrs	9	13	0	2
H??FFr{	9	14	0	1
H??F?z_	9	9	0	2
H??F?zO	9	9	0	4
H??F?zo	9	10	0	3
H??F?zW	9	10	0	3
H??F?zw	9	11	0	2
H??F?z{	9	12	0	1
H??F?w]	9	10	0	1
H??FCzo	9	11	0	3
H??FCzW	9	11	0	4
H??FCxw	9	11	0	4
H??FCzw	9	12	0	3
H??FCy[	9	11	0	3
H??FCx[	9	11	0	4
H??FCz[	9	12	0	3
H??FCx{	9	12	0	3
H??FCz{	9	13	0	2
H??FEzw	9	13	0	2
H??FEz[	9	13	0	2
H??FEy{	9	13	0	2
H??FEz{	9	14	0	1
H??FFz{	9	15	0	0
H??F?~w	9	12	1	1
H??F?~{	9	13	1	0
H??Ffbo	9	12	0	0
H??Ffbw	9	13	0	1
H??Ffbk	9	13	0	1
H??Ffb{	9	14	0	0
H??FfRo	9	12	0	2
H??FfRW	9	12	0	3
H??FfRw	9	13	0	2
H??FfRc	9	12	0	3
H??FfRs	9	13	0	3
H??FfR[	9	13	0	3
H??FfR{	9	14	0	2
H??Ffrw	9	14	0	1
H??Ffrs	9	14	0	2
H??Ffr{	9	15	0	1
H??FeZo	9	12	0	2
H??FeZg	9	12	0	4
H??FeYw	9	12	0	4
H??FeZw	9	13	0	3
H??FeW{	9	12	0	4
H??FeY{	9	13	0	3
H??FeZ{	9	14	0	2
H??FfZw	9	14	0	2
H??FfZk	9	14	0	2
H??FfZ[	9	14	0	2
H??FfZ{	9	15	0	1
H??Ffz{	9	16	0	0
H??Fvrw	9	15	0	0
H??Fvrs	9	15	0	1
H??Fvr{	9	16	0	0
H??Fvjk	9	15	0	2
H??Fvj{	9	16	0	1
H??Fvz{	9	17	0	0
H??F~z{	9	18	0	0
H?AA@B?	9	5	0	3
H?AA@B_	9	6	0	3
H?AA@?O	9	4	0	3
H?AA@AO	9	5	0	3
H?AA@BO	9	6	0	3
H?AA@Bo	9	7	0	3
H?AA@?W	9	5	0	3
H?AA@AW	9	6	0	3
H?AA@BW	9	7	0	3
H?AA@Bw	9	8	0	3
H?AAD@_	9	6	0	4
H?AADB_	9	7	0	3
H?AAD@O	9	6	0	4
H?AADBO	9	7	0	4
H?AADAo	9	7	0	3
H?AAD@o	9	7	0	4
H?AADBo	9	8	0	4
H?AAD@W	9	7	0	4
H?AADBW	9	8	0	4
H?AAD?w	9	7	0	4
H?AADAw	9	8	0	4
H?AAD@w	9	8	0	4
H?AADBw	9	9	0	3
H?AAD?c	9	6	1	4
H?AAD@c	9	7	1	4
H?AAD?s	9	7	1	4
H?AAD@s	9	8	1	4
H?AAD?{	9	8	1	4
H?AAD@{	9	9	1	4
H?AAFBO	9	8	0	4
H?AAFBo	9	9	0	3
H?AAFBW	9	9	0	4
H?AAFAw	9	9	0	4
H?AAFBw	9	10	0	3
H?AAF@s	9	9	1	5
H?AAF@[	9	9	1	5
H?AAF?{	9	9	1	5
H?AAF@{	9	10	1	4
H?AAF?e	9	8	1	5
H?AAF?U	9	8	0	4
H?AAF?u	9	9	1	5
H?AAF?]	9	9	0	3
H?AAF?}	9	10	1	4
H?AAF?V	9	9	0	3
H?AAF?^	9	10	0	2
H?AA@b?	9	6	0	4
H?AA@a_	9	6	0	4
H?AA@b_	9	7	0	4
H?AA@_o	9	6	0	2
H?AA@ao	9	7	0	3
H?AA@bo	9	8	0	4
H?AA@aG	9	6	0	4
H?AA@bG	9	7	0	4
H?AA@ag	9	7	0	4
H?AA@bg	9	8	0	4
H?AA@_w	9	7	0	3
H?AA@aw	9	8	0	4
H?AA@bw	9	9	0	4
H?AA@b@	9	7	0	4
H?AA@aH	9	7	0	4
H?AA@bH	9	8	0	4
H?AAD`o	9	8	0	4
H?AADbo	9	9	0	3
H?AAD`g	9	8	0	5
H?AADbg	9	9	0	5
H?AADaw	9	9	0	3
H?AAD`w	9	9	0	5
H?AADbw	9	10	0	4
H?AAD`c	9	8	1	5
H?AAD_s	9	8	1	4
H?AAD`s	9	9	1	5
H?AAD`K	9	8	0	4
H?AAD_k	9	8	1	5
H?AAD`k	9	9	1	5
H?AAD_{	9	9	1	5
H?AAD`{	9	10	1	4
H?AAD`L	9	9	0	3
H?AAFbo	9	10	0	2
H?AAFbg	9	10	0	4
H?AAFbw	9	11	0	3
H?AAF`s	9	10	1	4
H?AAF`k	9	10	1	5
H?AAF`{	9	11	1	4
H?AAF_u	9	10	2	4
H?AAF_m	9	10	1	4
H?AAF_}	9	11	2	3
H?AA@r_	9	8	0	5
H?AA@qo	9	8	0	4
H?AA@ro	9	9	0	5
H?AA@ow	9	8	0	2
H?AA@qw	9	9	0	3
H?AA@rw	9	10	0	4
H?AADro	9	10	0	4
H?AADqw	9	10	0	2
H?AADpw	9	10	0	4
H?AADrw	9	11	0	3
H?AADps	9	10	1	4
H?AADo{	9	10	1	4
H?AADp{	9	11	1	3
H?AAFrw	9	12	0	2
H?AAFp{	9	12	1	3
H?AAFo}	9	12	2	2
H?AEBB_	9	8	0	3
H?AEBBO	9	8	0	4
H?AEBAo	9	8	0	5
H?AEBBo	9	9	0	4
H?AEBBW	9	9	0	4
H?AEB?w	9	8	0	5
H?AEBAw	9	9	0	4
H?AEB@w	9	9	0	4
H?AEBBw	9	10	0	3
H?AEB?c	9	7	1	5
H?AEB@c	9	8	1	4
H?AEB?s	9	8	1	5
H?AEB@s	9	9	1	5
H?AEB@[	9	9	1	5
H?AEB?{	9	9	1	5
H?AEB@{	9	10	1	4
H?AEBAP	9	8	1	5
H?AEBAX	9	9	1	5
H?AEFBo	9	10	0	3
H?AEF@w	9	10	0	3
H?AEFBw	9	11	0	2
H?AEF@s	9	10	1	4
H?AEF@[	9	10	1	4
H?AEF?{	9	10	1	4
H?AEF@{	9	11	1	3
H?AE@b_	9	8	0	4
H?AE@_o	9	7	0	3
H?AE@ao	9	8	0	4
H?AE@`o	9	8	0	4
H?AE@bo	9	9	0	4
H?AE@bG	9	8	0	4
H?AE@`g	9	8	0	5
H?AE@bg	9	9	0	5
H?AE@_w	9	8	0	4
H?AE@aw	9	9	0	4
H?AE@`w	9	9	0	5
H?AE@bw	9	10	0	4
H?AE@`C	9	7	1	5
H?AE@`c	9	8	1	5
H?AE@`s	9	9	1	5
H?AE@`K	9	8	1	5
H?AE@`k	9	9	1	5
H?AE@`{	9	10	1	5
H?AE@b@	9	8	0	4
H?AE@aH	9	8	0	5
H?AE@`H	9	8	0	5
H?AE@bH	9	9	0	4
H?AE@`D	9	8	1	5
H?AE@`L	9	9	1	5
H?AEBb_	9	9	0	4
H?AEBbo	9	10	0	3
H?AEBbg	9	10	0	4
H?AEBaw	9	10	0	4
H?AEB`w	9	10	0	4
H?AEBbw	9	11	0	3
H?AEB_s	9	9	1	5
H?AEB`s	9	10	1	4
H?AEB_k	9	9	1	5
H?AEB`k	9	10	1	5
H?AEB_{	9	10	1	4
H?AEB`{	9	11	1	4
H?AEB_y	9	10	1	4
H?AEB_e	9	9	1	5
H?AEB_u	9	10	1	4
H?AEB_m	9	10	1	4
H?AEB_}	9	11	1	3
H?AEB_N	9	10	0	3
H?AEFbw	9	12	0	2
H?AEF`s	9	11	1	4
H?AEF`k	9	11	1	4
H?AEF`{	9	12	1	3
H?AEF_u	9	11	2	3
H?AEF_m	9	11	1	3
H?AEF_}	9	12	2	2
H?AE@r_	9	9	0	4
H?AE@po	9	9	0	5
H?AE@ro	9	10	0	4
H?AE@ow	9	9	0	3
H?AE@qw	9	10	0	3
H?AE@pw	9	10	0	4
H?AE@rw	9	11	0	3
H?AE@pc	9	9	1	6
H?AE@ps	9	10	1	5
H?AE@p{	9	11	1	4
H?AEDpw	9	11	0	3
H?AEDrw	9	12	0	2
H?AEDps	9	11	1	4
H?AEDo{	9	11	1	3
H?AEDp{	9	12	1	3
H?AEDoy	9	11	1	3
H?AEDou	9	11	1	3
H?AEDo}	9	12	1	2
H?AEBro	9	11	0	3
H?AEBpw	9	11	0	3
H?AEBrw	9	12	0	2
H?AEBps	9	11	1	4
H?AEBo{	9	11	1	3
H?AEBp{	9	12	1	3
H?AEBou	9	11	1	3
H?AEBo}	9	12	1	2
H?AEFrw	9	13	0	1
H?AEFp{	9	13	1	2
H?AEFo}	9	13	2	1
H?AEAJ_	9	8	1	4
H?AEAJo	9	9	1	4
H?AEAGw	9	8	1	5
H?AEAIw	9	9	1	4
H?AEAJw	9	10	1	3
H?AEBJ_	9	9	1	4
H?AEBJo	9	10	1	5
H?AEBJW	9	10	1	5
H?AEBIw	9	10	1	5
H?AEBHw	9	10	1	5
H?AEBJw	9	11	1	4
H?AEBHs	9	10	1	4
H?AEBH[	9	10	1	5
H?AEBH{	9	11	1	4
H?AEBjw	9	12	1	3
H?AEBhs	9	11	1	3
H?AEBhk	9	11	1	5
H?AEBh{	9	12	1	4
H?AEBx{	9	13	1	3
H?ABBB_	9	8	0	2
H?ABB@o	9	8	0	2
H?ABBBo	9	9	0	3
H?ABBAW	9	8	0	4
H?ABBBW	9	9	0	3
H?ABB@w	9	9	0	3
H?ABBBw	9	10	0	2
H?ABFB_	9	9	0	2
H?ABFBo	9	10	0	3
H?ABFBW	9	10	0	4
H?ABF@w	9	10	0	4
H?ABFBw	9	11	0	3
H?ABF@c	9	9	1	3
H?ABF@s	9	10	1	4
H?ABF@[	9	10	1	4
H?ABF@{	9	11	1	3
H?ABFAQ	9	9	1	5
H?ABF?Y	9	9	0	4
H?ABFAY	9	10	1	4
H?ABF?U	9	9	0	4
H?ABF?]	9	10	0	3
H?ABF?^	9	11	0	2
H?ABAa_	9	7	0	5
H?ABAb_	9	8	0	4
H?ABA_o	9	7	0	4
H?ABAao	9	8	0	5
H?ABA`o	9	8	0	3
H?ABAbo	9	9	0	4
H?ABAag	9	8	0	5
H?ABAbg	9	9	0	5
H?ABA_w	9	8	0	5
H?ABAaw	9	9	0	5
H?ABA`w	9	9	0	4
H?ABAbw	9	10	0	4
H?ABAaQ	9	8	1	5
H?ABAaI	9	8	0	5
H?ABA_Y	9	8	1	5
H?ABAaY	9	9	1	5
H?ABAaB	9	8	0	4
H?ABA_J	9	8	0	4
H?ABAaJ	9	9	0	4
H?ABEb_	9	9	0	4
H?ABEbo	9	10	0	4
H?ABEbg	9	10	0	5
H?ABEbW	9	10	0	4
H?ABEaw	9	10	0	5
H?ABE`w	9	10	0	5
H?ABEbw	9	11	0	4
H?ABE_s	9	9	1	6
H?ABE`s	9	10	1	5
H?ABE_k	9	9	1	5
H?ABE`k	9	10	1	5
H?ABE`[	9	10	1	5
H?ABE_{	9	10	1	5
H?ABE`{	9	11	1	4
H?ABEaQ	9	9	1	5
H?ABEaI	9	9	1	5
H?ABE_Y	9	9	1	6
H?ABEaY	9	10	1	5
H?ABE_U	9	9	1	6
H?ABE_M	9	9	0	5
H?ABE_]	9	10	1	5
H?ABE_l	9	10	1	4
H?ABBb_	9	9	0	3
H?ABB`o	9	9	0	2
H?ABBbo	9	10	0	3
H?ABB`g	9	9	0	3
H?ABBbg	9	10	0	4
H?ABBbW	9	10	0	4
H?ABB`w	9	10	0	3
H?ABBbw	9	11	0	3
H?ABBaQ	9	9	1	5
H?ABBaI	9	9	0	4
H?ABBaY	9	10	1	4
H?ABFbo	9	11	0	3
H?ABFbg	9	11	0	4
H?ABFbw	9	12	0	4
H?ABF`s	9	11	1	4
H?ABF`k	9	11	1	4
H?ABF`{	9	12	1	3
H?AB?r?	9	7	0	5
H?AB?p_	9	7	0	3
H?AB?r_	9	8	0	4
H?AB?rO	9	8	0	5
H?AB?po	9	8	0	4
H?AB?ro	9	9	0	5
H?AB?pw	9	9	0	5
H?AB?rw	9	10	0	5
H?AB?qQ	9	8	0	5
H?AB?oY	9	8	0	4
H?AB?qY	9	9	0	4
H?AB?qB	9	8	0	5
H?ABCpo	9	9	0	5
H?ABCro	9	10	0	5
H?ABCrW	9	10	0	4
H?ABCpw	9	10	0	5
H?ABCrw	9	11	0	4
H?ABCpc	9	9	0	4
H?ABCpS	9	9	1	6
H?ABCps	9	10	1	5
H?ABCo[	9	9	1	5
H?ABCp[	9	10	1	5
H?ABCp{	9	11	1	4
H?ABCqQ	9	9	0	4
H?ABCqY	9	10	0	3
H?ABCoU	9	9	1	5
H?ABCo]	9	10	1	4
H?ABCpd	9	10	0	3
H?ABAqo	9	9	0	6
H?ABAro	9	10	0	5
H?ABAqW	9	9	0	5
H?ABArW	9	10	0	4
H?ABAow	9	9	0	5
H?ABAqw	9	10	0	6
H?ABApw	9	10	0	4
H?ABArw	9	11	0	5
H?ABAqQ	9	9	1	5
H?ABAoY	9	9	1	5
H?ABAqY	9	10	1	5
H?ABEro	9	11	0	5
H?ABErW	9	11	0	3
H?ABEqw	9	11	0	5
H?ABErw	9	12	0	4
H?ABEps	9	11	1	4
H?ABEp[	9	11	1	5
H?ABEo{	9	11	1	5
H?ABEp{	9	12	1	4
H?ABBro	9	11	0	4
H?ABBrW	9	11	0	5
H?ABBpw	9	11	0	3
H?ABBrw	9	12	0	4
H?ABFrw	9	13	0	3
H?ABFp{	9	13	1	3
H?ABCfo	9	10	1	4
H?ABCfg	9	10	1	4
H?ABCfW	9	10	1	4
H?ABCdw	9	10	1	4
H?ABCfw	9	11	1	3
H?ABCds	9	10	1	5
H?ABCdk	9	10	0	4
H?ABCd[	9	10	1	5
H?ABCd{	9	11	1	4
H?ABCeY	9	10	0	3
H?ABCc]	9	10	1	4
H?ABCdh	9	10	0	3
H?ABCdd	9	10	0	3
H?ABCdL	9	10	0	4
H?ABCdl	9	11	0	3
H?AB?vo	9	10	1	5
H?AB?tw	9	10	1	5
H?AB?vw	9	11	1	4
H?AB?uY	9	10	0	3
H?ABCvo	9	11	1	4
H?ABCvW	9	11	1	4
H?ABCtw	9	11	1	4
H?ABCvw	9	12	1	3
H?ABCts	9	11	1	4
H?ABCt[	9	11	2	4
H?ABCt{	9	12	2	3
H?AFFBo	9	11	0	2
H?AFF@w	9	11	0	3
H?AFFBw	9	12	0	2
H?AFF@s	9	11	1	3
H?AFF@[	9	11	1	3
H?AFF@{	9	12	1	2
H?AFF?Z	9	11	0	2
H?AFF?V	9	11	0	2
H?AFF?^	9	12	0	1
H?AFEbo	9	11	0	3
H?AFEbg	9	11	0	4
H?AFEaw	9	11	0	4
H?AFE`w	9	11	0	4
H?AFEbw	9	12	0	3
H?AFE`s	9	11	1	4
H?AFE`k	9	11	1	4
H?AFE_{	9	11	1	4
H?AFE`{	9	12	1	3
H?AFE_]	9	11	1	4
H?AFE_N	9	11	0	3
H?AFF`w	9	12	0	3
H?AFFbw	9	13	0	3
H?AFF`s	9	12	1	3
H?AFF`k	9	12	1	3
H?AFF`[	9	12	1	3
H?AFF`{	9	13	1	2
H?AFCro	9	11	0	4
H?AFCpw	9	11	0	5
H?AFCrw	9	12	0	4
H?AFCps	9	11	1	5
H?AFCp{	9	12	1	4
H?AFCo]	9	11	1	4
H?AFEpw	9	12	0	4
H?AFErw	9	13	0	3
H?AFEps	9	12	1	4
H?AFEp[	9	12	1	4
H?AFEo{	9	12	1	4
H?AFEp{	9	13	1	3
H?AFEo]	9	12	2	3
H?AFBpw	9	12	0	4
H?AFBrw	9	13	0	3
H?AFBps	9	12	1	4
H?AFBp{	9	13	1	3
H?AFBo]	9	12	2	3
H?AFFrw	9	14	0	2
H?AFFp{	9	14	1	2
H?AFBJ_	9	10	1	3
H?AFBJo	9	11	1	4
H?AFBJW	9	11	1	5
H?AFBHw	9	11	1	5
H?AFBJw	9	12	1	4
H?AFBGZ	9	11	1	3
H?AFAjo	9	11	1	4
H?AFAjg	9	11	1	4
H?AFAjW	9	11	1	5
H?AFAiw	9	11	1	5
H?AFAhw	9	11	1	5
H?AFAjw	9	12	1	4
H?AFBjw	9	13	1	3
H?AFBhs	9	12	1	3
H?AFBhk	9	12	1	4
H?AFBh{	9	13	1	3
H?AF?zo	9	11	1	4
H?AF?zW	9	11	1	4
H?AF?xw	9	11	1	4
H?AF?zw	9	12	1	3
H?AF?w]	9	11	0	2
H?AFAxw	9	12	1	4
H?AFAzw	9	13	1	3
H?AFAxs	9	12	1	4
H?AFAx[	9	12	1	3
H?AFAw{	9	12	1	4
H?AFAx{	9	13	1	3
H?AFAw]	9	12	1	3
H?AFBx{	9	14	1	2
H?AF?~w	9	13	2	2
H?ABfB_	9	10	0	3
H?ABfBo	9	11	0	3
H?ABfBg	9	11	0	4
H?ABfBW	9	11	0	5
H?ABf@w	9	11	0	4
H?ABfBw	9	12	0	4
H?ABf@s	9	11	1	4
H?ABf@k	9	11	1	4
H?ABf@[	9	11	1	4
H?ABf@{	9	12	1	3
H?ABf?N	9	11	0	3
H?ABb`o	9	10	0	1
H?ABbbo	9	11	0	2
H?ABbbg	9	11	0	3
H?ABb`w	9	11	0	2
H?ABbbw	9	12	0	2
H?ABbaJ	9	11	0	2
H?ABfbo	9	12	0	2
H?ABfbw	9	13	0	3
H?ABf`s	9	12	1	3
H?ABf`{	9	13	1	2
H?ABeRo	9	11	0	4
H?ABeRg	9	11	0	4
H?ABeQw	9	11	0	5
H?ABePw	9	11	0	5
H?ABeRw	9	12	0	4
H?ABeOs	9	10	1	5
H?ABePs	9	11	1	4
H?ABeOk	9	10	1	6
H?ABePk	9	11	1	5
H?ABeO{	9	11	1	5
H?ABeP{	9	12	1	4
H?ABeOt	9	11	1	4
H?ABbRo	9	11	0	4
H?ABbQW	9	10	0	6
H?ABbRW	9	11	0	5
H?ABbPw	9	11	0	3
H?ABbRw	9	12	0	4
H?ABfRo	9	12	0	4
H?ABfRg	9	12	0	3
H?ABfRW	9	12	0	4
H?ABfRw	9	13	0	3
H?ABfPs	9	12	1	3
H?ABfPk	9	12	1	4
H?ABfP[	9	12	1	4
H?ABfP{	9	13	1	3
H?ABbro	9	12	0	3
H?ABbrg	9	12	0	4
H?ABbpw	9	12	0	2
H?ABbrw	9	13	0	3
H?ABfrw	9	14	0	2
H?ABfp{	9	14	1	2
H?AFfbw	9	14	0	2
H?AFf`s	9	13	1	2
H?AFf`k	9	13	1	2
H?AFf`{	9	14	1	1
H?AFfRw	9	14	0	2
H?AFfP[	9	13	1	3
H?AFfP{	9	14	1	2
H?AFfrw	9	15	0	1
H?AFfp{	9	15	1	1
H?AFbjg	9	13	1	3
H?AFbjw	9	14	1	2
H?AFbZw	9	14	1	2
H?AFbx{	9	15	1	1
H?ABvbo	9	13	0	2
H?ABvbg	9	13	0	3
H?ABvbw	9	14	0	2
H?ABv`s	9	13	1	3
H?ABv`k	9	13	1	3
H?ABv`{	9	14	1	2
H?ABrro	9	13	0	3
H?ABrpw	9	13	0	1
H?ABrrw	9	14	0	2
H?ABvrw	9	15	0	1
H?ABvp{	9	15	1	1
H?AFvrw	9	16	0	0
H?AFvp{	9	16	1	0
H?BE@b_	9	9	0	3
H?BE@_o	9	8	0	4
H?BE@ao	9	9	0	5
H?BE@bo	9	10	0	4
H?BE@bG	9	9	0	3
H?BE@bg	9	10	0	4
H?BE@_w	9	9	0	5
H?BE@aw	9	10	0	4
H?BE@bw	9	11	0	3
H?BE@b@	9	9	0	3
H?BE@aH	9	9	0	5
H?BE@bH	9	10	0	4
H?BEFbo	9	12	0	2
H?BEFbw	9	13	0	1
H?BEF_u	9	12	2	2
H?BEF_m	9	12	1	2
H?BEF_}	9	13	2	1
H?BE@r_	9	10	0	3
H?BE@ro	9	11	0	3
H?BE@ow	9	10	0	4
H?BE@qw	9	11	0	3
H?BE@rw	9	12	0	2
H?BEDpw	9	12	0	2
H?BEDrw	9	13	0	1
H?BEDo{	9	12	1	2
H?BEDou	9	12	1	2
H?BEDo}	9	13	1	1
H?BEFrw	9	14	0	0
H?BEFo}	9	14	2	0
H?BDBB_	9	9	0	3
H?BDBBO	9	9	0	5
H?BDBBo	9	10	0	4
H?BDBBW	9	10	0	4
H?BDBBw	9	11	0	3
H?BDB?s	9	9	1	6
H?BDB?{	9	10	1	6
H?BDF@w	9	11	0	3
H?BDFBw	9	12	0	2
H?BDF?{	9	11	1	5
H?BDAb_	9	9	0	4
H?BDA_o	9	8	0	6
H?BDAao	9	9	0	5
H?BDAbo	9	10	0	5
H?BDAbG	9	9	0	5
H?BDAbg	9	10	0	5
H?BDA_w	9	9	0	6
H?BDAaw	9	10	0	5
H?BDAbw	9	11	0	4
H?BDA_s	9	9	1	6
H?BDA_{	9	10	1	6
H?BDA`Q	9	9	1	5
H?BDA`I	9	9	1	6
H?BDA_Y	9	9	1	6
H?BDA`Y	9	10	1	5
H?BDA_U	9	9	1	5
H?BDA_M	9	9	0	5
H?BDA_]	9	10	1	5
H?BDA_J	9	9	0	6
H?BDA_F	9	9	0	4
H?BDA_N	9	10	0	5
H?BDBb_	9	10	0	4
H?BDBbO	9	10	0	5
H?BDBbo	9	11	0	4
H?BDBbg	9	11	0	5
H?BDBbW	9	11	0	5
H?BDB`w	9	11	0	5
H?BDBbw	9	12	0	4
H?BDB_{	9	11	1	5
H?BDB_U	9	10	1	5
H?BDB_M	9	10	0	5
H?BDB_]	9	11	1	4
H?BDF`w	9	12	0	4
H?BDFbw	9	13	0	3
H?BD?p_	9	8	0	5
H?BD?r_	9	9	0	4
H?BD?po	9	9	0	6
H?BD?ro	9	10	0	5
H?BD?pW	9	9	0	5
H?BD?rW	9	10	0	5
H?BD?pw	9	10	0	5
H?BD?rw	9	11	0	4
H?BD?os	9	9	1	6
H?BD?o[	9	9	0	5
H?BD?o{	9	10	1	5
H?BD?oU	9	9	0	5
H?BD?o]	9	10	0	4
H?BD?r@	9	9	0	5
H?BD?p`	9	9	0	5
H?BD?r`	9	10	0	4
H?BD?od	9	9	1	6
H?BD?oF	9	9	0	5
H?BDAr_	9	10	0	4
H?BDArO	9	10	0	5
H?BDAro	9	11	0	5
H?BDArW	9	11	0	4
H?BDAow	9	10	0	6
H?BDAqw	9	11	0	5
H?BDApw	9	11	0	5
H?BDArw	9	12	0	4
H?BDAos	9	10	1	6
H?BDAo{	9	11	1	5
H?BDApY	9	11	1	4
H?BDAoU	9	10	1	5
H?BDAo]	9	11	1	4
H?BDEpw	9	12	0	4
H?BDErw	9	13	0	3
H?BDEo{	9	12	1	4
H?BDEpY	9	12	1	4
H?BDBpw	9	12	0	4
H?BDBrw	9	13	0	3
H?BDFrw	9	14	0	2
H?BD@j_	9	10	1	5
H?BD@jo	9	11	1	5
H?BD@jg	9	11	1	5
H?BD@jW	9	11	1	5
H?BD@jw	9	12	1	4
H?BD@hQ	9	10	2	7
H?BD@hY	9	11	2	6
H?BD@g]	9	11	1	5
H?BD@zo	9	12	1	4
H?BD@xw	9	12	1	4
H?BD@zw	9	13	1	3
H?BD@xY	9	12	2	5
H?BD?~o	9	12	1	3
H?BD?~W	9	12	2	3
H?BD?|w	9	12	2	3
H?BD?~w	9	13	2	2
H?BD?{]	9	12	0	2
H?BFFBo	9	12	0	2
H?BFFBW	9	12	0	2
H?BFFAw	9	12	0	2
H?BFFBw	9	13	0	1
H?BFF?{	9	12	1	4
H?BFEbo	9	12	0	3
H?BFEbg	9	12	0	3
H?BFEaw	9	12	0	3
H?BFEbw	9	13	0	2
H?BFE_{	9	12	1	4
H?BFE_N	9	12	0	3
H?BFFbo	9	13	0	3
H?BFFbg	9	13	0	3
H?BFFbw	9	14	0	2
H?BFEro	9	13	0	3
H?BFErw	9	14	0	2
H?BFDpw	9	13	0	3
H?BFDrw	9	14	0	2
H?BFFrw	9	15	0	1
H?BF@zo	9	13	1	3
H?BF@zW	9	13	1	3
H?BF@yw	9	13	1	3
H?BF@zw	9	14	1	2
H?BF@w]	9	13	1	3
H?B@fB_	9	10	0	3
H?B@fBO	9	10	0	4
H?B@fAo	9	10	0	5
H?B@fBo	9	11	0	4
H?B@fBg	9	11	0	4
H?B@fBW	9	11	0	5
H?B@fAw	9	11	0	5
H?B@fBw	9	12	0	4
H?B@f?s	9	10	1	4
H?B@f?[	9	10	1	5
H?B@f?{	9	11	1	4
H?B@fBA	9	10	1	4
H?B@fBI	9	11	1	4
H?B@f?M	9	10	0	5
H?B@fbo	9	12	0	4
H?B@fbw	9	13	0	3
H?B@eR_	9	10	0	4
H?B@eRo	9	11	0	4
H?B@eRG	9	10	0	3
H?B@eRg	9	11	0	4
H?B@eOw	9	10	0	5
H?B@eQw	9	11	0	4
H?B@eRw	9	12	0	3
H?B@eOs	9	10	0	4
H?B@eOk	9	10	1	5
H?B@eO{	9	11	1	4
H?B@eRA	9	10	0	4
H?B@eRI	9	11	0	3
H?B@eOM	9	10	1	5
H?B@eOt	9	11	0	3
H?B@dR_	9	10	0	5
H?B@dRo	9	11	0	5
H?B@dRg	9	11	0	5
H?B@dPW	9	10	0	6
H?B@dRW	9	11	0	5
H?B@dRw	9	12	0	4
H?B@dOs	9	10	1	4
H?B@dO[	9	10	1	5
H?B@dO{	9	11	1	4
H?B@dOM	9	10	1	6
H?B@fRo	9	12	0	4
H?B@fRg	9	12	0	4
H?B@fRW	9	12	0	4
H?B@fQw	9	12	0	4
H?B@fRw	9	13	0	3
H?B@frw	9	14	0	2
H?B@`jo	9	11	1	3
H?B@`jg	9	11	1	3
H?B@`iw	9	11	1	3
H?B@`jw	9	12	1	2
H?B@`g{	9	11	0	3
H?B@`jA	9	10	0	4
H?B@`jI	9	11	0	3
H?B@`jB	9	11	0	3
H?B@`jJ	9	12	0	2
H?B@`Zo	9	11	1	4
H?B@`Zg	9	11	1	4
H?B@`ZW	9	11	1	4
H?B@`Yw	9	11	1	4
H?B@`Zw	9	12	1	3
H?B@`W{	9	11	0	3
H?B@`ZA	9	10	0	4
H?B@`YI	9	10	1	6
H?B@`ZI	9	11	1	5
H?B@`ZP	9	11	1	4
H?B@`ZB	9	11	0	3
H?B@`zo	9	12	1	3
H?B@`zg	9	12	1	3
H?B@`yw	9	12	1	3
H?B@`zw	9	13	1	2
H?B@`zI	9	12	1	4
H?BDfBo	9	12	0	4
H?BDf@w	9	12	0	4
H?BDfBw	9	13	0	3
H?BDf?{	9	12	1	4
H?BDf?N	9	12	0	4
H?BDdbo	9	12	0	3
H?BDd`w	9	12	0	4
H?BDdbw	9	13	0	3
H?BDd_{	9	12	1	4
H?BDd`J	9	12	1	3
H?BDd_N	9	12	0	3
H?BDbb_	9	11	0	5
H?BDbao	9	11	0	4
H?BDbbo	9	12	0	4
H?BDbbg	9	12	0	5
H?BDbaw	9	12	0	5
H?BDbbw	9	13	0	4
H?BDb_{	9	12	1	4
H?BDb_N	9	12	0	4
H?BDf`w	9	13	0	4
H?BDfbw	9	14	0	3
H?BDePw	9	12	0	4
H?BDeRw	9	13	0	3
H?BDeO{	9	12	1	4
H?BDeOt	9	12	1	3
H?BDdPw	9	12	0	5
H?BDdRw	9	13	0	4
H?BDdO{	9	12	1	4
H?BDbRo	9	12	0	5
H?BDbRW	9	12	0	5
H?BDbQw	9	12	0	5
H?BDbRw	9	13	0	4
H?BDbO[	9	11	1	5
H?BDbO{	9	12	1	4
H?BDfPw	9	13	0	4
H?BDfRw	9	14	0	3
H?BDfO{	9	13	1	3
H?BDdpw	9	13	0	4
H?BDdrw	9	14	0	3
H?BDdo{	9	13	1	3
H?BDbpw	9	13	0	4
H?BDbrw	9	14	0	3
H?BDfrw	9	15	0	2
H?BD`zo	9	13	1	3
H?BD`xw	9	13	1	3
H?BD`zw	9	14	1	2
H?BFfbw	9	15	0	2
H?BFfRw	9	15	0	2
H?BFfrw	9	16	0	1
H?B@vB_	9	11	0	3
H?B@vBO	9	11	0	4
H?B@vBo	9	12	0	4
H?B@vBW	9	12	0	4
H?B@vAw	9	12	0	4
H?B@vBw	9	13	0	3
H?B@v?[	9	11	1	4
H?B@v?{	9	12	1	3
H?B@tao	9	11	0	4
H?B@tbo	9	12	0	4
H?B@tbg	9	12	0	4
H?B@taw	9	12	0	4
H?B@t`w	9	12	0	4
H?B@tbw	9	13	0	3
H?B@t_{	9	12	1	3
H?B@vbo	9	13	0	3
H?B@vbg	9	13	0	3
H?B@vaw	9	13	0	3
H?B@vbw	9	14	0	2
H?B@pro	9	12	0	3
H?B@pow	9	11	0	2
H?B@pqw	9	12	0	3
H?B@prw	9	13	0	2
H?B@po{	9	12	0	2
H?B@prB	9	12	0	2
H?B@tqw	9	13	0	3
H?B@tpw	9	13	0	3
H?B@trw	9	14	0	2
H?B@vrw	9	15	0	1
H?B@pzo	9	13	1	2
H?B@pyw	9	13	1	2
H?B@pzw	9	14	1	1
H?BDvbw	9	15	0	2
H?BDtpw	9	14	0	3
H?BDtrw	9	15	0	2
H?BDrro	9	14	0	3
H?BDrrw	9	15	0	2
H?BDvrw	9	16	0	1
H?BFvrw	9	17	0	0
H?B@nB_	9	11	1	4
H?B@nBo	9	12	1	4
H?B@nBg	9	12	1	4
H?B@nBW	9	12	1	4
H?B@nAw	9	12	1	4
H?B@nBw	9	13	1	3
H?B@nBI	9	12	1	3
H?B@n?\	9	12	1	4
H?B@nbo	9	13	1	3
H?B@nbw	9	14	1	2
H?B@n_{	9	13	2	2
H?B@mRo	9	12	1	3
H?B@mRg	9	12	1	3
H?B@mQw	9	12	1	3
H?B@mRw	9	13	1	2
H?B@mO{	9	12	1	3
H?B@mOt	9	12	0	2
H?B@lRo	9	12	1	4
H?B@lRg	9	12	1	4
H?B@lRW	9	12	1	4
H?B@lRw	9	13	1	3
H?B@lO{	9	12	1	3
H?B@nRo	9	13	1	3
H?B@nRg	9	13	1	3
H?B@nRW	9	13	1	3
H?B@nQw	9	13	1	3
H?B@nRw	9	14	1	2
H?B@nO{	9	13	2	2
H?B@nRI	9	13	1	2
H?B@nrw	9	15	1	1
H?B@hzw	9	14	2	1
H?B@~bo	9	14	1	2
H?B@~bg	9	14	1	2
H?B@~bw	9	15	1	1
H?B@|ro	9	14	1	2
H?B@|qw	9	14	1	2
H?B@|pw	9	14	1	2
H?B@|rw	9	15	1	1
H?B@~rw	9	16	1	0
H?B@xzw	9	15	2	0
H?BfFBo	9	13	0	1
H?BfFBW	9	13	0	1
H?BfFBw	9	14	0	0
H?BfFbo	9	14	0	2
H?BfFbg	9	14	0	2
H?BfFbw	9	15	0	1
H?BfF_]	9	14	1	1
H?BfErw	9	15	0	1
H?BfEo]	9	14	2	1
H?BfFrw	9	16	0	0
H?BefBo	9	13	0	3
H?BefBg	9	13	0	3
H?BefBW	9	13	0	3
H?BefBw	9	14	0	2
H?Bef?\	9	13	1	2
H?Bef?N	9	13	0	3
H?Bed`o	9	12	0	4
H?Bedbo	9	13	0	3
H?Bed`w	9	13	0	4
H?Bedbw	9	14	0	3
H?Bed_N	9	13	0	3
H?Befbo	9	14	0	2
H?Befbw	9	15	0	2
H?BeeRo	9	13	0	4
H?BeeRw	9	14	0	3
H?BefRo	9	14	0	3
H?BefRw	9	15	0	3
H?Bedpw	9	14	0	4
H?Bedrw	9	15	0	3
H?Befrw	9	16	0	2
H?Bffbo	9	15	0	1
H?Bffbg	9	15	0	2
H?Bffbw	9	16	0	1
H?BffRw	9	16	0	2
H?Bffrw	9	17	0	1
H?Bcv@w	9	13	0	3
H?BcvBw	9	14	0	2
H?Bcv?\	9	13	1	2
H?Bcu`w	9	13	0	5
H?Bcubw	9	14	0	4
H?Bcrb_	9	12	0	4
H?Bcrbo	9	13	0	4
H?Bcrbg	9	13	0	5
H?BcrbW	9	13	0	4
H?Bcrbw	9	14	0	4
H?Bcv`w	9	14	0	4
H?Bcvbw	9	15	0	3
H?Bcrpw	9	14	0	4
H?Bcrrw	9	15	0	3
H?Bcvrw	9	16	0	2
H?Bevbw	9	16	0	2
H?Beurw	9	16	0	2
H?Betpw	9	15	0	3
H?Betrw	9	16	0	2
H?Bevrw	9	17	0	1
H?Bfvrw	9	18	0	0
H?Bvfbo	9	16	0	0
H?Bvfbw	9	17	0	0
H?BvfRw	9	17	0	1
H?Bvfrw	9	18	0	0
H?BvUrw	9	17	0	2
H?BvVrw	9	18	0	1
H?Bvvrw	9	19	0	0
H?B~vrw	9	20	0	0
H?`@FB_	9	9	0	3
H?`@FBo	9	10	0	4
H?`@F@g	9	9	1	5
H?`@F@w	9	10	1	5
H?`@F?{	9	10	1	6
H?`@F?M	9	9	0	5
H?`@F?]	9	10	0	4
H?`@F?N	9	10	0	4
H?`@F?^	9	11	0	3
H?`@?b?	9	6	0	4
H?`@?b_	9	7	0	4
H?`@?bo	9	8	0	4
H?`@C`_	9	7	0	5
H?`@Cb_	9	8	0	5
H?`@C`O	9	7	0	5
H?`@CbO	9	8	0	4
H?`@C`o	9	8	0	5
H?`@Cbo	9	9	0	5
H?`@C_W	9	7	1	5
H?`@C`W	9	8	1	5
H?`@C`w	9	9	1	5
H?`@Eb_	9	9	0	5
H?`@Ebo	9	10	0	4
H?`@E_w	9	9	1	6
H?`@E`w	9	10	1	6
H?`@E_k	9	9	0	5
H?`@E_[	9	9	1	6
H?`@E_{	9	10	1	6
H?`@E_l	9	10	0	4
H?`@Fbo	9	11	0	3
H?`@F`w	9	11	1	5
H?`@F_{	9	11	2	5
H?`@F_]	9	11	1	5
H?`DF@w	9	11	1	4
H?`DFAs	9	11	1	4
H?`DF?{	9	11	1	5
H?`DF@Q	9	10	1	6
H?`DF@Y	9	11	1	5
H?`DF?]	9	11	0	4
H?`DF?N	9	11	0	4
H?`DF?^	9	12	0	3
H?`DAb_	9	9	0	5
H?`DAao	9	9	0	5
H?`DAbo	9	10	0	5
H?`DA_g	9	8	1	6
H?`DA`g	9	9	1	6
H?`DA_w	9	9	1	6
H?`DA`w	9	10	1	6
H?`DA_{	9	10	2	6
H?`DEbo	9	11	0	4
H?`DE`w	9	11	1	5
H?`DEas	9	11	1	5
H?`DE_{	9	11	2	5
H?`DE`Y	9	11	1	5
H?`D@b_	9	9	0	5
H?`D@`O	9	8	0	6
H?`D@bO	9	9	0	6
H?`D@ao	9	9	0	4
H?`D@`o	9	9	0	5
H?`D@bo	9	10	0	5
H?`D@`g	9	9	1	6
H?`D@_W	9	8	1	6
H?`D@`W	9	9	1	6
H?`D@_w	9	9	1	5
H?`D@`w	9	10	1	6
H?`D@b@	9	9	1	6
H?`DDbo	9	11	0	4
H?`DD`w	9	11	1	5
H?`DBb_	9	10	0	5
H?`DBbO	9	10	0	5
H?`DBbo	9	11	0	4
H?`DB`g	9	10	1	6
H?`DB`w	9	11	1	5
H?`DBac	9	10	1	5
H?`DBaS	9	10	1	6
H?`DBas	9	11	1	5
H?`DB_[	9	10	1	6
H?`DB_{	9	11	2	5
H?`DB`Q	9	10	1	6
H?`DB`I	9	10	1	5
H?`DB_Y	9	10	1	6
H?`DB`Y	9	11	1	5
H?`DB_M	9	10	0	5
H?`DB_]	9	11	1	5
H?`DB_N	9	11	0	4
H?`DF`w	9	12	1	5
H?`DF_{	9	12	2	4
H?`DF`Y	9	12	2	4
H?`DF_]	9	12	1	4
H?`D@R_	9	9	1	5
H?`D@Qo	9	9	1	5
H?`D@Ro	9	10	1	5
H?`DBR_	9	10	1	5
H?`DBRO	9	10	1	6
H?`DBRo	9	11	1	5
H?`DBPg	9	10	1	4
H?`DBPw	9	11	1	5
H?`DBQc	9	10	1	6
H?`DBQs	9	11	1	5
H?`DBOk	9	10	2	6
H?`DBO{	9	11	2	6
H?`D@r_	9	10	1	5
H?`D@rO	9	10	1	6
H?`D@qo	9	10	1	5
H?`D@ro	9	11	1	5
H?`D@pg	9	10	1	6
H?`D@pw	9	11	1	5
H?`DBpw	9	12	1	4
H?`DBo{	9	12	2	6
H?`FEbo	9	12	0	4
H?`FE`w	9	12	1	5
H?`FE_{	9	12	2	4
H?`FF_{	9	13	2	3
H?`FF_]	9	13	1	4
H?`FBRo	9	12	1	4
H?`FBQs	9	12	2	5
H?`FBOV	9	12	1	4
H?`FAro	9	12	1	4
H?`FAqs	9	12	2	6
H?`FAo]	9	12	1	4
H?`FBqs	9	13	2	5
H?`FBo{	9	13	2	5
H?`FBo]	9	13	2	3
H?`F@Z_	9	11	1	5
H?`F@Zo	9	12	1	4
H?`F@Xg	9	11	2	6
H?`F@Xw	9	12	2	6
H?`F?zO	9	11	1	5
H?`F?zo	9	12	1	4
H?`F?xw	9	12	2	4
H?`F@w{	9	13	1	3
H?`@fB_	9	10	0	4
H?`@fBO	9	10	0	6
H?`@fBo	9	11	0	5
H?`@f@w	9	11	1	5
H?`@f?[	9	10	1	6
H?`@f?{	9	11	1	5
H?`@fBA	9	10	1	5
H?`@f@I	9	10	1	6
H?`@f?M	9	10	0	6
H?`@f?\	9	11	1	5
H?`@`b?	9	8	0	4
H?`@`b_	9	9	0	5
H?`@`ao	9	9	0	3
H?`@`bo	9	10	0	4
H?`@dao	9	10	0	3
H?`@d`o	9	10	0	4
H?`@dbo	9	11	0	4
H?`@d_w	9	10	1	4
H?`@d`w	9	11	1	5
H?`@dbA	9	10	1	5
H?`@d`I	9	10	0	5
H?`@fbo	9	12	0	4
H?`@f`w	9	12	1	5
H?`@f_{	9	12	2	4
H?`@eFo	9	11	1	4
H?`@eDw	9	11	1	5
H?`@eC{	9	11	0	5
H?`@eCx	9	11	0	4
H?`@eCl	9	11	0	5
H?`@eC|	9	12	0	4
H?`DfBo	9	12	0	4
H?`Df@w	9	12	1	5
H?`DfAs	9	12	1	4
H?`Df?{	9	12	2	4
H?`Df?\	9	12	1	4
H?`Df?N	9	12	0	4
H?`Ddbo	9	12	0	3
H?`Dd`w	9	12	1	4
H?`Dd`J	9	12	0	3
H?`Dbb_	9	11	0	5
H?`Dbbo	9	12	0	4
H?`Db`w	9	12	1	4
H?`Db_{	9	12	2	4
H?`Db_N	9	12	0	4
H?`Df`w	9	13	1	4
H?`Df_{	9	13	2	3
H?`DbR_	9	11	1	5
H?`DbRo	9	12	1	4
H?`DbPg	9	11	1	4
H?`DbPw	9	12	1	4
H?`DbQs	9	12	1	4
H?`DbO{	9	12	2	6
H?`D`qo	9	11	1	4
H?`D`ro	9	12	1	4
H?`Dbpw	9	13	1	3
H?`Dbo{	9	13	2	5
H?`F`zo	9	14	2	2
H?`F`xw	9	14	2	4
H?bB@b_	9	10	0	5
H?bB@bO	9	10	0	6
H?bB@ao	9	10	0	6
H?bB@`o	9	10	0	5
H?bB@bo	9	11	0	5
H?bB@`g	9	10	1	6
H?bB@_W	9	9	1	7
H?bB@`W	9	10	1	6
H?bB@_w	9	10	1	6
H?bB@`w	9	11	1	5
H?bB@_s	9	10	1	6
H?bB@_{	9	11	1	5
H?bB@aQ	9	10	1	6
H?bB@b@	9	10	1	5
H?bBDbo	9	12	0	4
H?bBD`g	9	11	1	5
H?bBD`w	9	12	1	5
H?bBD_{	9	12	2	4
H?bBF_{	9	13	2	3
H?bBF_]	9	13	1	4
H?bB@R_	9	10	1	5
H?bB@RO	9	10	1	6
H?bB@Qo	9	10	1	6
H?bB@Ro	9	11	1	5
H?bBBOk	9	11	1	5
H?bBBO{	9	12	1	4
H?bB@r_	9	11	1	4
H?bB@rO	9	11	1	5
H?bB@po	9	11	1	5
H?bB@ro	9	12	1	4
H?bB@pg	9	11	1	5
H?bB@pw	9	12	1	4
H?bB@qQ	9	11	2	7
H?bBBo{	9	13	1	4
H?bFBbo	9	13	0	3
H?bFB_{	9	13	2	3
H?bFBRo	9	13	1	4
H?bFBPw	9	13	1	3
H?bFBOk	9	12	2	6
H?bFBO{	9	13	2	5
H?bF@ro	9	13	1	3
H?bF@pw	9	13	1	3
H?bFBro	9	14	1	3
H?bFBo{	9	14	2	4
H?bFBo]	9	14	2	2
H?b@fBo	9	12	0	4
H?b@f@w	9	12	1	4
H?b@f?s	9	11	1	5
H?b@f?{	9	12	1	4
H?b@f?M	9	11	0	5
H?b@f?\	9	12	1	4
H?b@f?N	9	12	0	4
H?b@dbo	9	12	0	4
H?b@d`w	9	12	1	4
H?b@d_s	9	11	1	5
H?b@d_{	9	12	1	4
H?b@d`I	9	11	1	5
H?b@d_M	9	11	0	5
H?b@d_N	9	12	0	4
H?b@bb_	9	11	0	5
H?b@bao	9	11	0	5
H?b@b`o	9	11	0	4
H?b@bbo	9	12	0	4
H?b@b_w	9	11	1	5
H?b@b`w	9	12	1	5
H?b@b_s	9	11	1	5
H?b@b_k	9	11	1	5
H?b@b_{	9	12	1	4
H?b@bbA	9	11	1	4
H?b@b`I	9	11	1	6
H?b@b_M	9	11	0	5
H?b@b_N	9	12	0	4
H?b@f_{	9	13	2	3
H?b@bR_	9	11	1	5
H?b@bRO	9	11	1	5
H?b@bQo	9	11	1	5
H?b@bPo	9	11	1	6
H?b@bRo	9	12	1	5
H?b@bPg	9	11	1	5
H?b@bPw	9	12	1	5
H?b@bRA	9	11	1	5
H?b@bPI	9	11	2	6
H?b@bro	9	13	1	4
H?b@bpw	9	13	1	4
H?b@aV_	9	11	1	5
H?b@aVo	9	12	1	5
H?b@aTw	9	12	2	5
H?b@aUp	9	12	1	4
H?bBbbo	9	13	0	3
H?bBb`w	9	13	1	4
H?bBb_{	9	13	1	3
H?bBb_N	9	13	0	3
H?bBfbo	9	14	0	2
H?bBbRo	9	13	1	4
H?bBbPw	9	13	1	4
H?bBbOk	9	12	1	4
H?bBbO{	9	13	1	4
H?bB`r_	9	12	1	4
H?bB`qo	9	12	1	4
H?bB`po	9	12	1	4
H?bB`ro	9	13	1	3
H?bB`pw	9	13	1	4
H?bBbo{	9	14	1	3
H?bB`zo	9	14	2	2
H?bF`xw	9	15	2	3
H?bAPb_	9	10	1	6
H?bAP_o	9	9	1	5
H?bAPbo	9	11	1	5
H?bAPb@	9	10	1	6
H?bAV_{	9	13	2	4
H?bBV_{	9	14	2	4
H?`bCb_	9	10	0	4
H?`bCbO	9	10	0	5
H?`bC`o	9	10	0	4
H?`bCbo	9	11	0	5
H?`bC`W	9	10	1	6
H?`bC`w	9	11	1	5
H?`bFbo	9	13	0	3
H?`bF`w	9	13	1	3
H?`bFaU	9	13	2	3
H?`bF_]	9	13	1	3
H?`fFbo	9	14	0	3
H?`fF`w	9	14	1	3
H?`fBRo	9	13	1	3
H?`fBO]	9	13	1	3
H?`fBOV	9	13	1	4
H?`fBpw	9	14	1	2
H?`afBo	9	12	0	5
H?`af@w	9	12	1	4
H?`afAS	9	11	1	5
H?`afAa	9	11	1	5
H?`a`b_	9	10	0	6
H?`a``o	9	10	0	4
H?`a`bo	9	11	0	5
H?`a`aS	9	10	1	6
H?`adb_	9	11	0	6
H?`adao	9	11	0	5
H?`ad`o	9	11	0	5
H?`adbo	9	12	0	5
H?`ad`g	9	11	1	5
H?`ad_w	9	11	1	6
H?`ad`w	9	12	1	5
H?`adaS	9	11	1	5
H?`ad_[	9	11	1	6
H?`adaE	9	11	1	5
H?`ad_M	9	11	0	6
H?`ad_N	9	12	0	5
H?`abbo	9	12	0	4
H?`abaS	9	11	1	5
H?`acjo	9	12	1	4
H?`achw	9	12	1	5
H?`acia	9	11	2	7
H?`acgi	9	11	1	6
H?`acgj	9	12	1	5
H?`efBo	9	13	0	4
H?`ed`o	9	12	0	5
H?`edbo	9	13	0	4
H?`ed`g	9	12	1	4
H?`ed`w	9	13	1	4
H?`ed_N	9	13	0	4
H?`ebRo	9	13	1	3
H?`ebQT	9	13	1	3
H?`earo	9	13	1	4
H?`eaqS	9	12	2	6
H?`e`r_	9	12	1	5
H?`e`qo	9	12	1	5
H?`e`po	9	12	1	5
H?`e`ro	9	13	1	4
H?`e`qS	9	12	2	6
H?`bfBo	9	13	0	4
H?`bf@w	9	13	1	3
H?`bf?N	9	13	0	4
H?`bebo	9	13	0	4
H?`be_N	9	13	0	4
H?`bbbo	9	13	0	3
H?`bfbo	9	14	0	3
H?`bf`w	9	14	1	3
H?`cn@w	9	13	2	5
H?`cn?\	9	13	1	4
H?`cm`w	9	13	2	5
H?`cm_j	9	13	1	4
H?`cj`o	9	12	1	4
H?`cjbo	9	13	1	3
H?`cj`w	9	13	1	4
H?`cj`i	9	13	1	3
H?`cn`w	9	14	2	4
H?`cn`i	9	14	2	2
H?`cjRo	9	13	2	3
H?`cjPw	9	13	1	4
H?`cjPi	9	13	0	3
H?`cjQT	9	13	0	3
H?`ciro	9	13	2	5
H?`cipW	9	12	1	4
H?`cipw	9	13	1	4
H?`cipi	9	13	1	4
H?`cjpw	9	14	1	3
H?`cjpi	9	14	1	3
H?bfBbo	9	14	0	3
H?bfB`w	9	14	1	2
H?bfBRo	9	14	1	3
H?bfBPw	9	14	1	2
H?bfAro	9	14	1	3
H?bfAo]	9	14	1	2
H?bfBro	9	15	1	2
H?bfBo]	9	15	2	1
H?bebbo	9	14	0	3
H?beb_N	9	14	0	3
H?bebRo	9	14	1	3
H?be`ro	9	14	1	3
H?be`pw	9	14	1	3
H?bebro	9	15	1	2
H?bfbro	9	16	1	1
H?bbVbo	9	15	1	2
H?`vFbo	9	15	0	2
H?`vF`w	9	15	1	2
H?`vBRo	9	14	1	3
H?`vAqo	9	13	1	4
H?`vAro	9	14	1	3
H?`vBpw	9	15	1	2
H?`rfBo	9	14	0	3
H?`rf@w	9	14	1	3
H?`rf?N	9	14	0	3
H?`rbbo	9	14	0	2
H?`rfbo	9	15	0	2
H?`rf`w	9	15	1	2
H?`vfbo	9	16	0	1
H?`vf`w	9	16	1	1
H?bvbro	9	17	1	0
H?r@`b_	9	11	0	4
H?r@`bo	9	12	0	4
H?r@d`o	9	12	0	4
H?r@dbo	9	13	0	3
H?r@d_w	9	12	1	4
H?r@d_{	9	13	1	3
H?r@fbo	9	14	0	2
H?r@f_{	9	14	2	2
H?rF`zo	9	16	2	0
H?qbFbo	9	14	0	3
H?qbF_]	9	14	1	3
H?qa`b_	9	11	0	5
H?qa`bo	9	12	0	5
H?qa`_w	9	11	1	5
H?qad`o	9	12	0	5
H?qadbo	9	13	0	4
H?qad`S	9	12	1	4
H?qafbo	9	14	0	3
H?qa`r_	9	12	1	5
H?qa`ro	9	13	1	4
H?qa`pS	9	12	2	6
H?qbfbo	9	15	0	3
H?q`vBo	9	14	1	3
H?q`vbo	9	15	1	2
H?q`qjo	9	14	2	5
H?re`ro	9	15	1	2
H?ovEbo	9	14	0	3
H?ovE_w	9	13	1	3
H?ovE_N	9	14	0	4
H?ovDbo	9	14	0	3
H?ovFbo	9	15	0	2
H?ovfbo	9	16	0	1
H?opvBo	9	14	1	2
H?opvbo	9	15	1	1
H?opvbE	9	15	2	1
H?opuJo	9	14	2	2
H?opuJE	9	14	0	2
H?qvBbo	9	15	0	3
H?qtbbo	9	15	0	3
H?qrfbo	9	16	0	2
H?o~FBo	9	15	1	2
H?o~Dbo	9	15	1	2
H?o~Fbo	9	16	1	1
H?o~fbo	9	17	1	0
H?zTbbo	9	16	0	3
HCOfB_N	9	13	1	4
HCOf@pS	9	12	2	7
HCOf@o]	9	13	1	4
HCOf?z_	9	12	0	5
HCOf?xo	9	12	1	5
HCOf?w]	9	13	0	4
HCQf@pS	9	13	2	6
HCQf@o[	9	13	1	4
HCQf@o]	9	14	1	3
HCQf?w]	9	14	0	4
