g6	n	Q	bip	dist	Rnum	Rden	R	w
*** psi >= 1/25 : H?BEFo} Q=25 bip=25 dist=0 w=0,5,3,1,1,3,2,5,5
*** psi >= 1/25 : H?BEFo} Q=25 bip=25 dist=0 w=2,3,3,1,1,3,2,5,5
*** psi >= 1/25 : H?BEFo} Q=25 bip=25 dist=0 w=1,4,2,2,1,3,2,5,5
*** psi >= 1/25 : H?BEFo} Q=25 bip=25 dist=0 w=1,4,2,1,2,3,2,5,5
*** psi >= 1/25 : H?BEFo} Q=25 bip=25 dist=0 w=1,4,4,0,1,3,2,5,5
*** psi >= 1/25 : H?BEFo} Q=25 bip=25 dist=0 w=1,4,3,0,2,3,2,5,5
*** psi >= 1/25 : H?BEFo} Q=25 bip=25 dist=0 w=1,4,4,1,0,3,2,5,5
*** psi >= 1/25 : H?BEFo} Q=25 bip=25 dist=0 w=1,4,3,2,0,3,2,5,5
*** psi >= 1/25 : H?BEFo} Q=25 bip=25 dist=0 w=1,4,3,1,1,2,3,5,5
*** psi >= 1/25 : H?BEFo} Q=25 bip=25 dist=0 w=1,4,3,1,1,4,1,5,5
*** psi >= 1/25 : H?BEFo} Q=25 bip=25 dist=0 w=1,4,3,1,1,3,2,5,5
*** psi >= 1/25 : H?BEFo} Q=25 bip=25 dist=0 w=0,5,3,1,1,3,2,5,5
*** psi >= 1/25 : H?BEFo} Q=25 bip=25 dist=0 w=1,4,4,0,1,3,2,5,5
*** psi >= 1/25 : H?BEFo} Q=25 bip=25 dist=0 w=0,5,4,0,1,3,2,5,5
*** psi >= 1/25 : H?BEFo} Q=25 bip=25 dist=0 w=1,4,4,1,0,3,2,5,5
*** psi >= 1/25 : H?BEFo} Q=25 bip=25 dist=0 w=0,5,4,1,0,3,2,5,5
*** psi >= 1/25 : H?bF`xw Q=20 bip=16 dist=0 w=1,3,4,0,0,4,4,4,0
H?bF`xw	9	20	12	19	475	100	4.7500	3,2,1,2,2,3,2,2,3
H?bF`xw	9	21	12	19	475	141	3.3688	3,2,0,4,2,3,2,2,3
H?q`qjo	9	20	12	27	675	100	6.7500	3,2,2,1,2,2,3,3,2
H?bF`xw	9	22	15	19	475	109	4.3578	3,3,0,3,3,3,2,2,3
H?q`qjo	9	21	14	33	825	91	9.0659	2,2,2,2,3,3,3,3,1
H?bF`xw	9	23	15	24	600	154	3.8961	3,3,1,3,3,3,2,2,3
H?bF`xw	9	24	18	27	675	126	5.3571	3,3,0,3,3,3,3,3,3
H?q`qjo	9	22	16	33	825	84	9.8214	2,2,2,2,3,3,3,3,2
I?AEFo}^?	10	20	12	19	475	100	4.7500	3,2,0,1,2,2,3,2,2,3
H?bF`xw	9	25	18	27	675	175	3.8571	3,3,2,2,3,3,3,3,3
H?q`qjo	9	23	17	36	900	104	8.6538	3,2,3,2,3,3,3,3,1
I?AEFo}^?	10	21	12	19	475	141	3.3688	3,2,0,2,2,2,3,2,2,3
I?AEFo}^?	10	22	15	19	475	109	4.3578	3,3,0,1,2,3,3,2,2,3
H?q`qjo	9	24	18	45	1125	126	8.9286	3,3,3,3,3,3,3,3,0
I?AEFo}^?	10	23	15	24	600	154	3.8961	3,3,0,2,2,3,3,2,2,3
I?`FBqsF_	10	20	13	25	625	75	8.3333	2,2,1,1,3,2,3,2,3,1
H?q`qjo	9	25	21	39	975	100	9.7500	3,2,3,2,3,3,3,4,2
I?AEFo}^?	10	24	18	27	675	126	5.3571	3,3,0,2,1,3,3,3,3,3
I?B@hzI}?	10	20	12	19	475	100	4.7500	1,2,1,2,2,2,2,3,3,2
I?B@hzI}?	10	21	12	19	475	141	3.3688	0,2,1,2,3,3,3,2,2,3
I?AEFo}^?	10	25	18	27	675	175	3.8571	3,3,0,1,2,3,3,4,3,3
*** psi >= 1/25 : I?BEFo}}? Q=20 bip=16 dist=0 w=4,0,1,1,2,1,3,1,4,3
*** psi >= 1/25 : I?BEFo}}? Q=20 bip=16 dist=0 w=3,1,1,1,2,1,3,1,4,3
*** psi >= 1/25 : I?BEFo}}? Q=20 bip=16 dist=0 w=4,0,1,1,2,1,3,2,4,2
*** psi >= 1/25 : I?BEFo}}? Q=20 bip=16 dist=0 w=3,1,1,1,2,1,3,2,4,2
I?`FBqsF_	10	21	15	24	600	66	9.0909	3,2,1,1,2,3,2,2,3,2
I?B@hzI}?	10	22	15	19	475	109	4.3578	0,3,1,2,3,2,3,3,3,2
I?AF?~w^?	10	20	12	19	475	100	4.7500	2,0,3,2,0,3,2,3,3,2
I?`FBqsF_	10	22	16	33	825	84	9.8214	2,2,2,0,3,3,2,3,3,2
I?AF?~w^?	10	21	12	19	475	141	3.3688	2,1,2,0,2,3,2,3,4,2
I?B@hzI}?	10	23	15	24	600	154	3.8961	0,3,2,2,3,3,2,3,3,2
I?bF`xw{?	10	20	12	19	475	100	4.7500	3,2,1,2,2,3,1,2,3,1
I?AF?~w^?	10	22	15	19	475	109	4.3578	3,1,2,1,2,3,3,2,2,3
I?B@hzI}?	10	24	18	27	675	126	5.3571	2,1,0,3,3,3,3,3,3,3
I?bF`xw{?	10	21	12	19	475	141	3.3688	2,3,1,2,3,2,1,3,2,2
I?`FBqsF_	10	23	17	36	900	104	8.6538	3,3,0,3,3,2,2,3,3,1
I?bF`xw{?	10	22	15	19	475	109	4.3578	3,3,1,2,3,2,1,3,2,2
I?B@hzI}?	10	25	18	27	675	175	3.8571	0,3,2,1,3,3,3,4,3,3
I?AF?~w^?	10	23	15	24	600	154	3.8961	3,1,3,1,2,3,2,3,3,2
I?bF`xw{?	10	23	15	24	600	154	3.8961	3,4,1,2,3,2,1,3,2,2
I?AF?~w^?	10	24	18	27	675	126	5.3571	3,0,3,1,2,3,3,3,3,3
I?bF`xw{?	10	24	18	27	675	126	5.3571	3,3,0,3,3,3,1,3,3,2
I?`FBqsF_	10	24	19	41	1025	101	10.1485	3,3,1,2,3,2,2,3,3,2
I?`cn@wFO	10	20	12	27	675	100	6.7500	3,2,1,3,2,2,2,1,2,2
I?AF?~w^?	10	25	18	26	650	175	3.7143	4,2,3,1,3,3,2,3,2,2
I?bF`xw{?	10	25	18	27	675	175	3.8571	3,3,0,3,3,3,2,3,3,2
I?`cn@wFO	10	21	14	33	825	91	9.0659	3,1,2,2,2,2,3,2,3,1
I?`FBqsF_	10	25	21	39	975	100	9.7500	3,4,0,3,3,2,2,3,3,2
*** psi >= 1/25 : I?rFf_{N? Q=20 bip=16 dist=0 w=1,3,2,2,2,2,2,2,2,2
*** psi >= 1/25 : I?rFf_{N? Q=20 bip=16 dist=0 w=3,1,2,2,2,2,2,2,2,2
*** psi >= 1/25 : I?rFf_{N? Q=20 bip=16 dist=0 w=2,2,1,3,2,2,2,2,2,2
*** psi >= 1/25 : I?rFf_{N? Q=20 bip=16 dist=0 w=2,2,3,1,2,2,2,2,2,2
*** psi >= 1/25 : I?rFf_{N? Q=20 bip=16 dist=0 w=2,2,2,2,1,3,2,2,2,2
*** psi >= 1/25 : I?rFf_{N? Q=20 bip=16 dist=0 w=2,2,2,2,3,1,2,2,2,2
*** psi >= 1/25 : I?rFf_{N? Q=20 bip=16 dist=0 w=2,2,2,2,2,2,1,3,2,2
*** psi >= 1/25 : I?rFf_{N? Q=20 bip=16 dist=0 w=2,2,2,2,2,2,3,1,2,2
*** psi >= 1/25 : I?rFf_{N? Q=20 bip=16 dist=0 w=2,2,2,2,2,2,2,2,1,3
*** psi >= 1/25 : I?rFf_{N? Q=20 bip=16 dist=0 w=2,2,2,2,2,2,2,2,3,1
*** psi >= 1/25 : I?rFf_{N? Q=20 bip=16 dist=0 w=2,2,2,2,2,2,2,2,2,2
*** psi >= 1/25 : I?rFf_{N? Q=20 bip=16 dist=0 w=1,3,2,2,2,2,2,2,2,2
*** psi >= 1/25 : I?rFf_{N? Q=20 bip=16 dist=0 w=2,2,3,1,2,2,2,2,2,2
*** psi >= 1/25 : I?rFf_{N? Q=20 bip=16 dist=0 w=1,3,3,1,2,2,2,2,2,2
I?BD@xY}?	10	20	12	27	675	100	6.7500	1,2,2,1,2,3,3,2,2,2
I?q`qjo{?	10	20	12	27	675	100	6.7500	1,2,2,3,3,3,2,2,0,2
*** psi >= 1/25 : I?rFf_{N? Q=25 bip=25 dist=0 w=2,3,2,3,2,3,3,2,5,0
*** psi >= 1/25 : I?rFf_{N? Q=25 bip=25 dist=0 w=2,3,2,3,2,3,3,2,4,1
*** psi >= 1/25 : I?rFf_{N? Q=25 bip=25 dist=0 w=2,3,2,3,2,3,4,1,5,0
*** psi >= 1/25 : I?rFf_{N? Q=25 bip=25 dist=0 w=2,3,2,3,2,3,4,1,4,1
I?`cn@wFO	10	22	16	33	825	84	9.8214	3,1,2,2,2,2,3,2,3,2
I?BD@xY}?	10	21	14	33	825	91	9.0659	2,2,2,0,2,3,3,3,3,1
I?q`qjo{?	10	21	14	33	825	91	9.0659	2,2,2,2,3,3,3,3,0,1
I?`cn@wFO	10	23	17	36	900	104	8.6538	3,2,1,2,3,2,3,3,3,1
I?BD@xY}?	10	22	16	33	825	84	9.8214	2,2,2,1,1,3,3,3,3,2
I?q`qjo{?	10	22	16	33	825	84	9.8214	2,2,2,2,3,3,3,3,0,2
I?BD@xY}?	10	23	17	36	900	104	8.6538	2,2,3,1,2,3,3,3,3,1
I?q`qjo{?	10	23	17	36	900	104	8.6538	3,2,3,2,3,3,3,3,0,1
I?`cn@wFO	10	24	18	45	1125	126	8.9286	3,0,3,3,3,3,3,3,3,0
I?`cn@wFO	10	25	21	39	975	100	9.7500	3,1,3,3,3,2,3,2,3,2
I?q`qjo{?	10	24	18	45	1125	126	8.9286	3,3,3,3,3,3,3,3,0,0
I?BD@xY}?	10	24	18	45	1125	126	8.9286	3,3,3,1,2,3,3,3,3,0
J??EF?}Fvw?	11	20	12	19	475	100	4.7500	3,0,2,0,1,2,2,3,3,2,2
J??EF?}Fvw?	11	21	12	19	475	141	3.3688	1,1,2,0,1,2,3,3,3,2,3
I?q`qjo{?	10	25	21	39	975	100	9.7500	2,3,2,3,3,4,3,3,0,2
I?BD@xY}?	10	25	21	39	975	100	9.7500	2,3,2,3,0,3,4,3,3,2
J??EF?}Fvw?	11	22	15	19	475	109	4.3578	1,2,2,0,2,1,3,3,3,2,3
I?bF`xw]?	10	20	12	19	475	100	4.7500	3,2,1,2,2,3,2,2,1,2
I?bF`xw]?	10	21	12	19	475	141	3.3688	3,2,1,2,2,3,2,2,2,2
I?bF`xw]?	10	22	15	19	475	109	4.3578	3,3,0,2,3,2,3,3,3,0
J??EF?}Fvw?	11	23	15	24	600	154	3.8961	1,2,3,0,2,2,3,3,3,2,2
J??CF?^^fw?	11	20	12	19	475	100	4.7500	3,0,2,0,1,2,2,3,2,3,2
I?bF`xw]?	10	23	15	24	600	154	3.8961	3,2,1,2,2,3,3,3,2,2
J??EF?}Fvw?	11	24	18	27	675	126	5.3571	1,2,3,1,1,1,3,3,3,3,3
J??CF?^^fw?	11	21	12	19	475	141	3.3688	3,2,0,1,1,1,2,3,2,3,3
I?bF`xw]?	10	24	18	27	675	126	5.3571	3,3,2,1,3,3,3,3,3,0
I?bF`xw]?	10	25	18	27	675	175	3.8571	3,3,1,2,3,4,3,3,3,0
J??EF?}Fvw?	11	25	18	27	675	175	3.8571	2,1,3,1,0,2,3,4,3,3,3
J??CF?^^fw?	11	22	15	19	475	109	4.3578	3,1,2,0,1,2,3,3,2,3,2
J??ED`LNfw?	11	20	12	27	675	100	6.7500	1,2,0,2,1,2,3,3,2,2,2
ICOf@pSb?	10	20	12	40	1000	100	10.0000	2,2,2,2,2,2,2,2,2,2
J??CF?^^fw?	11	23	15	24	600	154	3.8961	3,1,2,0,2,2,3,3,2,3,2
J??ED`LNfw?	11	21	14	33	825	91	9.0659	2,2,0,2,0,2,3,3,3,3,1
J??CF?^^fw?	11	24	18	27	675	126	5.3571	3,1,2,0,1,2,3,3,3,3,3
J?AAF?^^Ds?	11	20	13	25	625	75	8.3333	2,2,1,0,1,2,3,3,1,3,2
ICOf@pSb?	10	21	12	40	1000	141	7.0922	3,2,2,2,2,2,2,2,2,2
J??CF?^^fw?	11	25	18	27	675	175	3.8571	3,1,2,2,1,0,3,3,3,4,3
J??ED`LNfw?	11	22	15	32	800	109	7.3394	3,2,1,2,0,2,3,2,3,3,1
J??ED?}VVw?	11	20	12	27	675	100	6.7500	2,2,2,1,1,0,3,3,3,3,0
J??ED`LNfw?	11	23	18	33	825	79	10.4430	2,2,0,2,0,2,3,3,3,3,3
ICOf@pSb?	10	22	14	40	1000	134	7.4627	2,3,2,2,3,2,2,2,2,2
J?AAF?^^Ds?	11	21	14	32	800	91	8.7912	3,2,1,0,2,2,3,2,1,3,2
J??ED?}VVw?	11	21	14	33	825	91	9.0659	2,2,2,0,0,2,3,3,3,3,1
J?AAF?^^Ds?	11	22	16	33	825	84	9.8214	3,3,0,0,2,2,2,2,2,3,3
ICOf@pSb?	10	23	16	40	1000	129	7.7519	2,3,3,2,1,3,3,2,3,1
J??ED`LNfw?	11	24	18	45	1125	126	8.9286	3,3,1,2,1,2,3,3,3,3,0
J??ED?}VVw?	11	22	16	33	825	84	9.8214	2,2,2,0,0,2,3,3,3,3,2
ICOf@pSb?	10	24	18	47	1175	126	9.3254	3,3,2,3,3,0,3,3,2,2
J?AAF?^^Ds?	11	23	17	36	900	104	8.6538	3,3,0,1,2,3,2,2,1,3,3
J??ED`LNfw?	11	25	21	39	975	100	9.7500	2,2,2,1,0,3,4,3,3,3,2
*** psi >= 1/25 : J??E@{}Nfw? Q=20 bip=16 dist=0 w=0,4,0,1,2,1,4,1,3,0,4
*** psi >= 1/25 : J??E@{}Nfw? Q=20 bip=16 dist=0 w=0,4,0,1,2,1,4,0,4,0,4
*** psi >= 1/25 : J??E@{}Nfw? Q=20 bip=16 dist=0 w=0,4,0,1,2,1,4,0,3,1,4
*** psi >= 1/25 : J??E@{}Nfw? Q=20 bip=16 dist=0 w=1,3,1,0,1,2,4,1,0,3,4
*** psi >= 1/25 : J??E@{}Nfw? Q=20 bip=16 dist=0 w=1,3,1,0,1,2,4,2,0,2,4
J??ED?}VVw?	11	23	18	33	825	79	10.4430	2,2,2,0,1,1,3,3,3,3,3
ICOf@pSb?	10	25	19	54	1350	150	9.0000	2,2,3,2,3,3,2,3,2,3
J?AAF?^^Ds?	11	24	19	41	1025	101	10.1485	3,3,1,0,2,3,2,2,2,3,3
J??FCo]XVw?	11	20	12	27	675	100	6.7500	1,0,2,0,2,3,3,3,2,2,2
J??ED?}VVw?	11	24	18	45	1125	126	8.9286	3,3,3,0,1,2,3,3,3,3,0
J?AAF?^^Ds?	11	25	21	39	975	100	9.7500	3,4,0,1,2,3,2,2,2,3,3
J??FCo]XVw?	11	21	14	33	825	91	9.0659	2,0,2,0,2,2,3,3,3,3,1
J??CEB{Nr{?	11	20	12	19	475	100	4.7500	3,2,0,0,1,2,2,3,2,2,3
J??ED?}VVw?	11	25	21	39	975	100	9.7500	2,2,3,0,0,3,4,3,3,3,2
J??CEB{Nr{?	11	21	12	19	475	141	3.3688	3,2,0,0,2,2,2,3,2,2,3
J??FCo]XVw?	11	22	16	33	825	84	9.8214	2,0,2,0,2,2,3,3,3,3,2
J?AEAJw^@u?	11	20	12	27	675	100	6.7500	2,2,0,1,2,3,3,2,2,1,2
J??CEB{Nr{?	11	22	15	19	475	109	4.3578	3,2,0,0,0,3,3,3,3,2,3
J?AEAJw^@u?	11	21	14	33	825	91	9.0659	3,1,0,1,2,3,2,2,2,2,3
J??FCo]XVw?	11	23	18	33	825	79	10.4430	2,0,2,0,2,2,3,3,3,3,3
J??CEB{Nr{?	11	23	15	24	600	154	3.8961	3,3,0,0,2,2,3,3,2,2,3
J?AEFo}^Bw?	11	20	12	19	475	100	4.7500	3,2,0,1,2,2,3,2,2,2,1
J??CEB{Nr{?	11	24	18	27	675	126	5.3571	3,3,0,0,1,2,3,3,3,3,3
J?AEFo}^Bw?	11	21	12	19	475	141	3.3688	3,2,0,2,2,2,3,2,2,2,1
J?AEAJw^@u?	11	22	16	33	825	84	9.8214	3,2,0,1,2,3,2,2,2,2,3
J??FCo]XVw?	11	24	18	45	1125	126	8.9286	3,1,2,1,2,3,3,3,3,3,0
J??CEB{Nr{?	11	25	18	27	675	175	3.8571	3,3,0,0,2,2,3,3,3,3,3
J?AEFo}^Bw?	11	22	15	19	475	109	4.3578	2,3,0,1,2,3,3,3,3,0,2
J?AEAJw^@u?	11	23	16	36	900	129	6.9767	3,2,0,2,2,3,3,2,2,2,2
J?AEFo}^Bw?	11	23	15	24	600	154	3.8961	3,2,0,1,2,2,3,3,3,2,2
J??E@c}rVw?	11	20	12	19	475	100	4.7500	1,2,1,2,0,2,2,2,3,3,2
J??FCo]XVw?	11	25	21	39	975	100	9.7500	3,0,2,1,2,2,3,3,3,4,2
J??E@c}rVw?	11	21	12	19	475	141	3.3688	3,0,1,2,0,2,2,3,3,3,2
J?AEAJw^@u?	11	24	18	45	1125	126	8.9286	3,0,0,1,2,3,3,3,3,3,3
J?AEFo}^Bw?	11	24	18	27	675	126	5.3571	3,3,0,1,2,3,3,3,3,2,1
J?AAFo}^Ds?	11	20	12	27	675	100	6.7500	3,2,0,0,2,2,3,2,2,3,1
J??E@c}rVw?	11	22	15	19	475	109	4.3578	1,2,1,2,1,2,3,3,2,2,3
J?AEFo}^Bw?	11	25	18	27	675	175	3.8571	3,3,1,0,2,3,3,4,3,1,2
J??E@c}rVw?	11	23	15	24	600	154	3.8961	1,2,1,2,2,2,3,3,2,2,3
J?AEAJw^@u?	11	25	21	39	975	100	9.7500	3,2,0,2,2,3,3,3,2,2,3
J?AAFo}^Ds?	11	21	14	33	825	91	9.0659	3,3,0,0,1,3,3,2,2,2,2
J?ABCs]}Bw?	11	20	12	27	675	100	6.7500	2,1,2,0,2,3,2,3,2,2,1
J??E@c}rVw?	11	24	18	27	675	126	5.3571	0,3,1,2,1,2,3,3,3,3,3
J?AFF?^^Fo?	11	20	12	19	475	100	4.7500	3,0,2,1,2,2,1,2,2,3,2
J?AFF?^^Fo?	11	21	12	19	475	141	3.3688	2,2,1,0,2,3,1,1,3,2,4
J??E@c}rVw?	11	25	18	27	675	175	3.8571	0,3,0,3,1,2,3,4,3,3,3
J?ABCs]}Bw?	11	21	14	33	825	91	9.0659	3,0,3,0,1,3,3,2,2,2,2
J?AAFo}^Ds?	11	22	16	33	825	84	9.8214	3,3,0,0,2,3,3,2,2,2,2
J?AFF?^^Fo?	11	22	15	19	475	109	4.3578	3,1,2,1,2,3,1,2,2,3,2
J?AFF?^^Fo?	11	23	15	24	600	154	3.8961	3,1,2,2,2,3,1,2,2,3,2
J?AAFo}^Ds?	11	23	18	33	825	79	10.4430	3,3,0,1,2,3,3,2,2,2,2
J?ABCs]}Bw?	11	22	16	33	825	84	9.8214	3,1,2,0,2,3,3,2,2,2,2
J?AEFrwNbw?	11	20	12	19	475	100	4.7500	2,3,0,0,2,3,2,1,2,3,2
J?AFF?^^Fo?	11	24	18	27	675	126	5.3571	3,0,3,1,2,3,3,0,3,3,3
J?AEFrwNbw?	11	21	12	19	475	141	3.3688	2,3,0,1,2,3,2,1,2,3,2
J?ABCs]}Bw?	11	23	18	33	825	79	10.4430	3,1,2,1,2,3,3,2,2,2,2
J?AFF?^^Fo?	11	25	18	27	675	175	3.8571	3,1,2,2,1,3,1,3,3,3,3
J?AAFo}^Ds?	11	24	18	45	1125	126	8.9286	3,3,0,0,0,3,3,3,3,3,3
J?AEFrwNbw?	11	22	15	19	475	109	4.3578	3,2,0,1,2,2,3,1,2,3,3
*** psi >= 1/25 : J?BEFo}}@{? Q=25 bip=25 dist=0 w=2,3,2,2,1,3,2,2,4,3,1
*** psi >= 1/25 : J?BEFo}}@{? Q=25 bip=25 dist=0 w=2,3,2,2,1,3,2,2,3,3,2
*** psi >= 1/25 : J?BEFo}}@{? Q=25 bip=25 dist=0 w=2,3,3,1,1,3,2,2,4,3,1
*** psi >= 1/25 : J?BEFo}}@{? Q=25 bip=25 dist=0 w=2,3,3,1,1,3,2,2,3,3,2
*** psi >= 1/25 : J?BEFo}}@{? Q=25 bip=25 dist=0 w=2,3,3,2,0,3,2,2,4,3,1
*** psi >= 1/25 : J?BEFo}}@{? Q=25 bip=25 dist=0 w=2,3,3,2,0,3,2,2,3,3,2
J?AEFrwNbw?	11	23	15	24	600	154	3.8961	3,3,0,2,2,3,3,0,2,2,3
J?BD@xY}Fo?	11	20	12	27	675	100	6.7500	1,2,2,1,2,3,3,2,2,1,1
J?ABCs]}Bw?	11	24	18	45	1125	126	8.9286	3,1,2,0,0,3,3,3,3,3,3
J?AAFo}^Ds?	11	25	21	39	975	100	9.7500	4,3,0,0,2,3,3,2,3,3,2
J?AEFrwNbw?	11	24	18	27	675	126	5.3571	3,3,0,1,2,3,3,1,2,3,3
J?AEFrwNbw?	11	25	18	27	675	175	3.8571	3,3,0,1,2,3,3,2,2,3,3
J?BD@xY}Fo?	11	21	14	33	825	91	9.0659	2,2,2,0,2,3,3,3,3,0,1
J?ABFAYFrw?	11	20	12	27	675	100	6.7500	2,2,1,0,2,3,1,2,3,2,2
J?ABCs]}Bw?	11	25	21	39	975	100	9.7500	3,1,3,0,2,3,3,3,3,2,2
J?ABCc]ZVo?	11	20	13	25	625	75	8.3333	3,1,1,1,1,2,2,1,3,3,2
J?BD@xY}Fo?	11	22	16	33	825	84	9.8214	2,2,2,0,2,3,3,3,3,0,2
J?ABFAYFrw?	11	21	14	33	825	91	9.0659	3,2,1,0,2,2,2,2,3,1,3
J?BD@w{Ufo?	11	20	12	27	675	100	6.7500	3,2,2,1,0,2,2,0,3,3,2
J?ABCc]ZVo?	11	21	15	24	600	66	9.0909	2,2,0,1,1,3,3,2,3,2,2
J?BD@xY}Fo?	11	23	18	33	825	79	10.4430	2,2,2,0,2,3,3,3,3,0,3
J?ABFAYFrw?	11	22	16	33	825	84	9.8214	3,1,2,0,2,2,2,2,3,2,3
J?BD@w{Ufo?	11	21	14	33	825	91	9.0659	2,2,2,0,2,3,3,1,2,3,1
J?ABCc]ZVo?	11	22	16	33	825	84	9.8214	2,0,3,2,0,3,2,2,3,2,3
J?ABFAYFrw?	11	23	17	36	900	104	8.6538	3,3,0,0,2,3,2,3,3,1,3
J?BD@xY}Fo?	11	24	18	45	1125	126	8.9286	3,3,3,1,2,3,3,3,3,0,0
J?BD@w{Ufo?	11	22	16	33	825	84	9.8214	2,2,2,0,2,3,3,1,2,3,2
J?ABCc]ZVo?	11	23	17	36	900	104	8.6538	3,1,2,3,0,3,2,1,3,2,3
J?ABFAYFrw?	11	24	18	45	1125	126	8.9286	3,1,2,1,2,3,3,3,3,0,3
J?BD@w{Ufo?	11	23	17	36	900	104	8.6538	2,3,2,0,3,3,3,2,1,3,1
J?BD@xY}Fo?	11	25	21	39	975	100	9.7500	2,3,2,0,3,3,4,3,3,0,2
J?ABCc]ZVo?	11	24	19	41	1025	101	10.1485	2,2,1,2,1,3,3,2,3,2,3
J?ABFAYFrw?	11	25	21	39	975	100	9.7500	3,1,3,1,2,3,2,2,3,2,3
J?BD@w{Ufo?	11	24	18	45	1125	126	8.9286	3,3,3,1,2,3,3,1,2,3,0
J?`F?|wlBo?	11	20	13	25	625	75	8.3333	2,2,1,1,2,3,3,1,0,2,3
J?ABCc]ZVo?	11	25	21	39	975	100	9.7500	4,3,0,0,3,2,3,2,3,2,3
J?AFCo]XVo?	11	20	12	27	675	100	6.7500	2,1,2,1,2,3,2,2,2,2,1
J?BD@w{Ufo?	11	25	21	39	975	100	9.7500	3,3,2,1,1,3,3,1,3,3,2
J?`F?|wlBo?	11	21	14	33	825	91	9.0659	3,3,0,2,2,2,2,1,2,3,1
J?AF?~w}Bw?	11	20	12	19	475	100	4.7500	2,1,2,0,2,3,2,3,2,1,2
J?B@hzI}Fo?	11	20	12	19	475	100	4.7500	1,2,1,2,2,2,2,3,3,1,1
J?AFCo]XVo?	11	21	14	33	825	91	9.0659	1,1,2,0,3,2,2,2,3,3,2
J?AF?~w}Bw?	11	21	12	19	475	141	3.3688	2,1,1,1,2,3,3,2,1,2,3
J?B@hzI}Fo?	11	21	12	19	475	141	3.3688	2,1,0,3,2,2,3,3,3,1,1
J?`F?|wlBo?	11	22	16	33	825	84	9.8214	3,3,0,2,2,2,2,2,0,3,3
J?AF?~w}Bw?	11	22	15	19	475	109	4.3578	3,1,2,1,2,3,3,2,0,2,3
J?B@hzI}Fo?	11	22	15	19	475	109	4.3578	1,2,1,2,2,3,2,3,3,1,2
J?AFCo]XVo?	11	22	16	33	825	84	9.8214	2,1,2,1,2,2,2,2,3,3,2
J?`F?|wlBo?	11	23	17	36	900	104	8.6538	3,3,0,3,3,2,2,1,2,3,1
J?AF?~w}Bw?	11	23	15	24	600	154	3.8961	3,2,2,1,2,3,2,3,1,2,2
J?B@hzI}Fo?	11	23	15	24	600	154	3.8961	1,2,1,2,4,3,3,2,2,1,2
J?AFCo]XVo?	11	23	18	33	825	79	10.4430	3,0,3,3,0,2,2,2,3,3,2
J?`F?|wlBo?	11	24	19	41	1025	101	10.1485	3,3,1,2,2,3,2,2,1,3,2
J?AF?~w}Bw?	11	24	18	27	675	126	5.3571	3,1,2,1,2,3,3,3,1,2,3
J?B@hzI}Fo?	11	24	18	27	675	126	5.3571	0,3,1,2,3,3,3,3,3,1,2
*** psi >= 1/25 : J?B@hzI}Fo? Q=25 bip=25 dist=0 w=4,1,1,4,0,5,0,5,0,1,4
*** psi >= 1/25 : J?B@hzI}Fo? Q=25 bip=25 dist=0 w=3,2,1,4,0,5,0,5,0,1,4
J?AF?~w}Bw?	11	25	18	27	675	175	3.8571	3,1,2,3,0,3,3,3,0,4,3
J?B@hzI}Fo?	11	25	18	27	675	175	3.8571	0,3,2,1,3,3,3,3,3,3,1
J?`F?|wlBo?	11	25	21	39	975	100	9.7500	3,3,0,2,3,2,3,2,0,4,3
J?AFCo]XVo?	11	24	18	45	1125	126	8.9286	0,1,2,1,2,3,3,3,3,3,3
J?BD@g]Qvo?	11	20	13	27	675	75	9.0000	2,1,2,1,2,2,1,2,2,2,3
J?`F?|wlF_?	11	20	13	29	725	75	9.6667	3,2,1,1,2,3,1,1,3,2,1
J?AFCo]XVo?	11	25	21	39	975	100	9.7500	2,0,3,2,2,3,3,2,3,3,2
J?BD@g]Qvo?	11	21	15	24	600	66	9.0909	1,1,2,0,2,3,2,3,3,2,2
J?`F?|wlF_?	11	21	14	34	850	91	9.3407	2,3,1,1,3,2,1,2,2,3,1
J?BD@g]Qvo?	11	22	16	36	900	84	10.7143	2,2,2,2,2,2,2,2,2,2,2
J?BDB?{Ucq?	11	20	12	40	1000	100	10.0000	2,2,2,0,2,2,2,2,2,2,2
J?`F?|wlF_?	11	22	16	31	775	84	9.2262	2,3,1,1,3,3,1,1,2,3,2
J?BD@g]Qvo?	11	23	18	36	900	79	11.3924	2,2,2,2,2,2,2,2,2,2,3
J?`F?|wlF_?	11	23	18	33	825	79	10.4430	2,2,2,0,3,3,3,2,3,3,0
J?BDB?{Ucq?	11	21	12	40	1000	141	7.0922	2,2,2,1,2,2,2,2,2,2,2
J?BD@g]Qvo?	11	24	19	43	1075	101	10.6436	1,3,2,2,1,2,3,2,3,2,3
J?`F?|wlF_?	11	24	19	44	1100	101	10.8911	3,3,1,1,3,3,1,2,3,3,1
J?BDB?{Ucq?	11	22	14	42	1050	134	7.8358	3,1,3,2,0,2,2,2,3,1,3
J?BD@g]Qvo?	11	25	21	43	1075	100	10.7500	2,1,1,2,2,3,3,3,2,3,3
J?BFF?{}?}?	11	20	12	19	475	100	4.7500	2,1,2,2,1,2,1,2,3,2,2
J?BDB?{Ucq?	11	23	16	40	1000	129	7.7519	2,3,2,1,2,1,2,3,1,3,3
J?`F?|wlF_?	11	25	21	45	1125	100	11.2500	3,3,1,1,3,3,1,3,3,3,1
J?BFF?{}?}?	11	21	12	19	475	141	3.3688	2,1,2,1,3,2,3,0,3,2,2
J?BFF?{}?}?	11	22	15	19	475	109	4.3578	1,2,3,1,2,3,3,0,3,2,2
JCOf@pSb?{?	11	20	12	40	1000	100	10.0000	2,2,2,2,2,2,2,2,2,2,0
J?BFF?{}?}?	11	23	15	24	600	154	3.8961	1,2,2,1,2,3,2,2,3,3,2
J?BDB?{Ucq?	11	24	18	47	1175	126	9.3254	3,3,2,1,1,2,3,3,0,3,3
J?BFF?{}?}?	11	24	18	27	675	126	5.3571	1,2,3,2,1,3,1,2,3,3,3
J?BFF?{}?}?	11	25	17	28	700	200	3.5000	1,3,3,2,2,3,2,2,3,2,2
JCOf@pSb?{?	11	21	14	29	725	91	7.9670	3,2,1,2,2,2,2,1,2,3,1
JCOf@pSb?{?	11	22	16	33	825	84	9.8214	0,3,3,2,2,2,2,3,3,0,2
J?BDB?{Ucq?	11	25	19	54	1350	150	9.0000	2,2,3,1,2,2,2,3,3,2,3
J?`cn@w]?y?	11	20	12	27	675	100	6.7500	3,2,0,2,1,3,2,2,0,3,2
J?`cn@w]?y?	11	21	14	33	825	91	9.0659	3,1,2,2,2,2,3,2,1,2,1
J?BD?{{Ufo?	11	20	13	25	625	75	8.3333	1,2,3,1,2,3,2,1,2,2,1
JCOf@pSb?{?	11	23	16	40	1000	129	7.7519	3,2,2,2,2,2,2,2,2,3,1
J?`cn@w]?y?	11	22	16	33	825	84	9.8214	3,1,2,2,2,2,3,2,1,2,2
J?BD?{{Ufo?	11	21	14	33	825	91	9.0659	0,3,3,0,1,3,3,2,2,2,2
J?`cn@w]?y?	11	23	18	33	825	79	10.4430	3,1,2,2,2,2,3,2,1,2,3
J?BD?{{Ufo?	11	22	16	33	825	84	9.8214	0,3,3,0,2,3,3,2,2,2,2
JCOf@pSb?{?	11	24	18	47	1175	126	9.3254	3,3,0,3,3,2,2,2,3,3,0
J?`cn@w]?y?	11	24	18	45	1125	126	8.9286	3,1,2,3,3,3,3,3,1,2,0
J?BD?{{Ufo?	11	23	17	36	900	104	8.6538	2,3,2,0,3,3,3,0,3,3,1
J?`cn@w]?y?	11	25	21	39	975	100	9.7500	3,0,3,2,2,3,3,3,2,2,2
J?BD?{{Ufo?	11	24	19	41	1025	101	10.1485	2,3,2,0,2,3,3,1,3,3,2
JCOf@pSb?{?	11	25	19	51	1275	150	8.5000	3,3,1,2,3,3,1,2,3,3,1
J?BD?{{Ufo?	11	25	21	39	975	100	9.7500	0,3,3,0,2,4,3,2,2,3,3
J?bFF`wN?{?	11	20	12	19	475	100	4.7500	2,1,2,2,2,2,2,2,2,1,2
J?bFF`wN?{?	11	21	14	16	400	91	4.3956	3,1,2,2,2,2,2,2,2,2,1
J?bFF`wN?{?	11	22	16	24	600	84	7.1429	2,2,2,2,2,2,2,2,2,2,2
J?bFF`wN?{?	11	23	16	24	600	129	4.6512	3,2,2,2,2,2,2,2,2,2,2
J?bFF`wN?{?	11	24	18	26	650	126	5.1587	2,3,2,2,3,2,2,2,2,2,2
J?bFF`wN?{?	11	25	20	24	600	125	4.8000	3,2,3,2,3,2,2,2,2,2,2
