M?????????????~~_	14	13	0	0
M???????????~~~~?	14	24	0	0
M?????????O?~}^~?	14	23	1	0
M?????????W?N~~}?	14	23	1	0
M?????????[?F~~}?	14	23	1	0
M?????????]?B~~}?	14	23	1	0
M?????????^?@~~}?	14	23	1	0
M?????????^~~}~}?	14	33	0	0
M???????C?^}~{^}?	14	31	1	0
M???????E?W?~{N~?	14	24	2	0
M???????E?F~~{~{?	14	31	1	0
M???????E?F~N}~{?	14	30	2	0
M???????F?[?F~~{?	14	25	2	0
M???????F?B~~{~{?	14	31	1	0
M???????F?B~F}~{?	14	29	2	0
M???????F_]?B~~{?	14	26	2	0
M???????F_@~~{~{?	14	31	1	0
M???????F_@~B}~{?	14	28	2	0
M???????Fo^?@~~{?	14	27	2	0
M???????Fo?~~{~{?	14	31	1	0
M???????F~~}~{~{?	14	40	0	0
M??????_E?^{N}^{?	14	30	2	3
M??????_F?B~^{~w?	14	30	2	3
M??????_F_@~^{~w?	14	30	2	3
M??????_Fo?~~w^{?	14	30	2	3
M??????_F~^{~w^{?	14	37	1	0
M??????_F~^{^{^{?	14	37	1	0
M??????oE?^{N}~w?	14	31	2	0
M??????oD?F}Vy~w?	14	29	2	6
M??????oF?F}F}~w?	14	30	3	3
M??????oD_H|N{~w?	14	29	2	6
M??????oF_@~N{~w?	14	30	3	5
M??????oDoG|N{~w?	14	29	2	6
M??????o@_f}ry~w?	14	30	3	5
M??????o@ow|N{~w?	14	30	3	5
M??????o@ww\N{~w?	14	30	3	5
M??????o@~~{~w~w?	14	37	1	0
M??????o@~f}~w~w?	14	36	2	0
M??????o@~f}N{~w?	14	35	2	0
M??????wF?[?~wF~?	14	27	3	0
M??????wF?B~~w~w?	14	32	2	0
M??????wF?B~F}~w?	14	31	3	0
M??????wE_B}Jy~w?	14	29	2	6
M??????wF_B}B}~w?	14	30	3	3
M??????wCoB}Xy~w?	14	29	2	8
M??????wEoC|F{~w?	14	29	2	8
M??????wCwK\F{~w?	14	29	2	8
M??????w?wb}wy~w?	14	30	3	7
M??????w?{{LF{~w?	14	30	3	5
M??????w?~~{~w~w?	14	37	1	0
M??????w?~b}~w~w?	14	35	2	0
M??????w?~b}F{~w?	14	33	3	0
M??????{F_]?B~~w?	14	29	3	0
M??????{F_@~~w~w?	14	33	2	0
M??????{F_@~B}~w?	14	31	4	0
M??????{FO@}Dy~w?	14	29	2	6
M??????{EW@}Ky~w?	14	29	2	10
M??????{C[@}[Y~w?	14	29	2	8
M??????{?]`}{I~w?	14	30	3	3
M??????{?^~{~w~w?	14	37	1	0
M??????{?^`}~w~w?	14	34	2	0
M??????}Fo^?@~~w?	14	31	3	0
M??????~~~^{~w~w?	14	45	0	0
M????A?OF?B~^wns?	14	29	3	6
M????A?OF_@~^wns?	14	29	3	6
M????A?OFo?~^wns?	14	29	3	6
M????A?OF}F}^wns?	14	34	2	5
M????A?oDoG|~oN{?	14	29	3	8
M????A?oF}^wN{^w?	14	35	2	3
M????A?oF}F}^w^w?	14	35	2	4
M????A?oA@^w^wNu?	14	29	3	5
M????A?oB@Rx~oN{?	14	29	3	7
M????A?oB`Px~oN{?	14	29	3	8
M????A?WF?RyF}^w?	14	29	3	6
M????A?WF_RyB}^w?	14	29	4	8
M????A?WC_b}Zy~o?	14	29	3	8
M????A?WCob}Xy~o?	14	29	4	8
M????A?WCwk\F{~o?	14	29	4	8
M????A?WC}b}~o^w?	14	33	3	5
M????A?wF?B~^w~o?	14	31	3	3
M????A?wCoB}Xy~o?	14	29	3	10
M????A?wCwK\F{~o?	14	29	3	10
M????A?wB@B}fq~o?	14	29	3	8
M????A?wB@Bz~o^w?	14	30	3	5
M????A?wB@BzF{~o?	14	29	4	6
M????A?wB`PxF{~o?	14	29	3	10
M????A?wB`@zF{~o?	14	29	4	8
M????A?w?~n{~o~o?	14	35	2	4
M????A?w?~n{^w~o?	14	35	2	4
M????A?w?~b}^w~o?	14	34	3	3
M????A?[F_PyB}^w?	14	29	4	6
M????A?[CW`}[y~o?	14	29	4	10
M????A?[C[mLB{~o?	14	29	4	8
M????A?[C]`}~o^w?	14	32	3	5
M????A?{F_@~~o^w?	14	32	3	3
M????A?{C[@}[Y~o?	14	29	3	10
M????A?{B`@}bq~o?	14	29	3	8
M????A?{B`@}Bu~o?	14	29	4	6
M????A?{B`@z~o^w?	14	31	3	5
M????A?{?^n{~o~o?	14	35	2	4
M????A?{?^n{^w~o?	14	35	2	4
M????A?{?^`}^w~o?	14	33	3	3
M????A?~v}^w~o^w?	14	41	1	0
M????A?~v}^w^w^w?	14	41	1	0
M????B?oF_@~~oN{?	14	31	4	5
M????B?oDoGx~oN{?	14	29	3	9
M????B?oFo?~~oN{?	14	31	5	7
M????B?oF}F}~o~o?	14	36	2	0
M????B?oF}F}~oN{?	14	36	4	0
M????B?gB?F{Vsfq?	14	27	3	10
M????B?g@`B}Ru~o?	14	29	4	9
M????B?g@pGzF{~o?	14	29	4	10
M????B?g@~F{Vs~o?	14	33	3	6
M????B?g@~Jy~o~o?	14	34	2	6
M????B?g?~f{Vs~o?	14	33	3	6
M????B?wF?F{~oF}?	14	31	4	4
M????B?wE_B}Jy~o?	14	30	4	6
M????B?wEoC|F{~o?	14	30	4	8
M????B?w@pWxF{~o?	14	30	4	9
M????B?w@p?zF{~o?	14	29	4	10
M????B?w@~F{F{~o?	14	34	3	4
M????B?w@~B}~o~o?	14	35	3	3
M????B?w@~B}F{~o?	14	34	3	3
M????B?KF_@~Nwrs?	14	29	4	10
M????B?K@`@}ru~o?	14	29	3	8
M????B?K@p@}pu~o?	14	29	4	10
M????B?K@xWZB{~o?	14	29	5	10
M????B?K?X}XNwrs?	14	29	4	10
M????B?K?\}HNwrs?	14	29	5	10
M????B?K?^f{rs~o?	14	32	4	8
M????B?kD_HzNw~o?	14	30	3	6
M????B?kB_HybqNw?	14	27	3	12
M????B?k@p@}Pu~o?	14	29	5	10
M????B?kAW`}Ky~o?	14	29	5	12
M????B?kA]f{~o~o?	14	34	2	7
M????B?kA]f{Nw~o?	14	33	3	8
M????B?kA]hyNw~o?	14	32	3	6
M????B?k?^hyNw~o?	14	32	4	7
M????B?{F_@~Nw~o?	14	32	4	5
M????B?{EW@}Ky~o?	14	30	4	10
M????B?{?^f{~o~o?	14	35	3	5
M????B?{?^f{Nw~o?	14	34	3	6
M????B?{?^`}Nw~o?	14	33	4	5
M????B?M@p?}pu~o?	14	29	4	8
M????B?M?Nfcot~o?	14	29	5	9
M????B?M?NwyNw~o?	14	31	4	8
M????B?M?N~@psNw?	14	29	5	10
M????B?mDoGzNw~o?	14	31	3	6
M????B?mCMGy]ANw?	14	27	3	12
M????B?mAMf{~o~o?	14	34	2	7
M????B?mAMf{Nw~o?	14	33	3	8
M????B?KN?B|rs~o?	14	30	4	7
M????B?KN?@zFy~o?	14	29	4	8
M????B?KN_@|rs~o?	14	30	4	8
M????B?KN_@|rsNw?	14	29	4	10
M????B?KN_@|Bu~o?	14	29	5	7
M????B?KG\]HrsNw?	14	29	4	12
M????B?KH~Xy~o~o?	14	35	3	6
M????B?KH~XyNw~o?	14	34	3	5
M????B?MN_@|ps~o?	14	30	4	10
M????B?MLoGzNw~o?	14	31	4	7
M????B?MHpF{pu~o?	14	32	4	5
M????B?MGNOy]B~o?	14	29	5	8
M????B?MGNWy}A~o?	14	30	4	11
M????B?MGNWy}ANw?	14	29	4	12
M????B?MMMf{~o~o?	14	35	3	6
M????B?MMMf{Nw~o?	14	34	3	7
M????B?MMMwyNw~o?	14	33	4	5
M????B?N~}^w~o~o?	14	41	1	0
M????B?Nx~^w~o~o?	14	40	2	0
M????B?Nx~F{~o~o?	14	39	2	0
M????B?Nx~F{Nw~o?	14	38	2	0
M????B_wF?^wF}~o?	14	33	3	0
M????B_wF_B}B}~o?	14	32	4	3
M????B_wCoKxF{~o?	14	30	3	8
M????B_wCwKXF{~o?	14	30	3	9
M????B_w?x{XF{~o?	14	32	5	5
M????B_w?~~w~o~o?	14	37	2	0
M????B_w?~b}~o~o?	14	36	4	0
M????B_w?~b}F{~o?	14	35	3	0
M????B_sF?DyFy~o?	14	30	3	7
M????B_s?~B{Js~o?	14	32	3	7
M????B_s?~Dy~o~o?	14	34	2	6
M????B_s?^b{Js~o?	14	32	4	6
M????B_{F_B{B}~o?	14	32	4	4
M????B_{FO@}Dy~o?	14	31	4	6
M????B_{?~@}~o~o?	14	35	3	3
M????B_{?~@}Fw~o?	14	33	4	4
M????B_{?^`}Fw~o?	14	33	4	3
M????B_eCMN@FwXs?	14	27	3	16
M????B_e?x?}Wu~o?	14	29	5	11
M????B_e?~Ky~o~o?	14	34	2	9
M????B_e?~KyFw~o?	14	32	3	8
M????B_e?Nb{Xs~o?	14	31	4	10
M????B_uEoCzFw~o?	14	31	3	8
M????B_fCwB{Wu~o?	14	31	3	8
M????B_fBEb{~o~o?	14	34	2	8
M????B_fBEb{Fw~o?	14	32	3	9
M????B_FN_[YBy~o?	14	31	4	8
M????B_FG~B{ws~o?	14	33	4	6
M????B_FG~[Y~o~o?	14	35	3	5
M????B_F~}^w~o~o?	14	41	1	0
M????B_Fw~^w~o~o?	14	39	2	0
M????B_Fw~B{~o~o?	14	37	3	0
M????Bo{F_]?~oB~?	14	32	4	0
M????Bo{F_@~~o~o?	14	35	3	0
M????Bo{F_@~B}~o?	14	34	4	0
M????Bo{EWEXB{~o?	14	31	3	9
M????Bo{C[MHB{~o?	14	31	3	7
M????Bo{?^~w~o~o?	14	38	2	0
M????Bo{?^`}~o~o?	14	36	4	0
M????BorEE@{KsNA?	14	27	3	18
M????Bor?^EY~o~o?	14	34	2	9
M????Bob_^MI~o~o?	14	34	2	6
M????BoB~}^w~o~o?	14	41	1	0
M????Bw}Fo^?@~~o?	14	35	3	0
M????B~~v}^w~o~o?	14	48	0	0
M???C@?GF{F{Vsfk?	14	31	3	10
M???C@?wF{B}^ong?	14	33	3	8
M???C@?w@BBr^ong?	14	28	4	10
M???C@?w?~nw^ong?	14	33	3	8
M???C@?w?~nwngNw?	14	33	3	8
M???C@?w?~b}^ong?	14	33	3	6
M???C@?KE[`}^ong?	14	30	4	10
M???C@?{F_NwngB}?	14	31	4	6
M???C@?{?^~o^ong?	14	33	3	8
M???C@?{?^nw^ong?	14	33	3	8
M???C@?{?^nwngNw?	14	33	3	8
M???C@?{?^`}^ong?	14	32	4	6
M???C@?MEK_}^ong?	14	29	4	10
M???C@?~`~Nwng~_?	14	37	2	6
M???CB?wF{B}^oNw?	14	34	4	6
M???CB?wBA^oFmNw?	14	30	5	9
M???CB?{Ba@v~_Nw?	14	31	5	9
M???CB?{@b@}ra^o?	14	30	5	12
M???CB?{?^f{~_^o?	14	34	4	8
M???CB?mDoGz~_Nw?	14	31	4	8
M???CB?m@pGz~_Nw?	14	31	5	9
M???CB?mAM~o~_Nw?	14	33	3	10
M???CB?mAM~o^oNw?	14	33	3	10
M???CB?mAM~oNwNw?	14	33	4	9
M???CB?~f{^oNw^o?	14	38	2	3
M???CB?~f{F{^o^o?	14	38	2	4
M???CB?~f{F{Nw^o?	14	38	3	3
M???CB?~`~Nw^o^o?	14	38	2	5
M???CB?OV{^oNwnc?	14	33	3	6
M???CB?OV{NwNkNw?	14	33	3	7
M???CB?OV{NwNkNk?	14	33	4	5
M???CB?WS{~o~_Nw?	14	33	3	8
M???CB?WS{~o^oNw?	14	33	3	9
M???CB?WS{~oNwNw?	14	33	4	7
M???CB?WS{rq~_Nw?	14	32	4	8
M???CB?WS{bu~_Nw?	14	32	4	9
M???CB?[RaPr~_Nw?	14	31	4	8
M???C@_WF_RuB}^o?	14	30	4	8
M???C@_WFo?~^ofk?	14	30	5	10
M???C@_WF{Ru^oF{?	14	33	5	5
M???C@_wBA^oF{fi?	14	30	4	8
M???C@_wBaPtF{~_?	14	30	5	10
M???C@_wCpKxF{~_?	14	30	5	11
M???C@_wC|RsF{^o?	14	32	4	8
M???C@_wC|B}~_^o?	14	33	4	7
M???C@_wC|B}^o^o?	14	33	4	7
M???C@_wC|B}F{^o?	14	33	3	6
M???C@_{F_RsB}^o?	14	31	5	8
M???C@_{C|RsB{^o?	14	32	4	10
M???C@_{C|@}~_^o?	14	33	4	9
M???C@_{C|@}^o^o?	14	33	4	9
M???C@_{C|@}Fw^o?	14	32	4	9
M???C@_{?^`}fg^o?	14	32	4	8
M???C@_ECLb{Xs~_?	14	29	5	13
M???C@_FCDkYFw~_?	14	28	4	13
M???C@_cN?^oZsFy?	14	30	5	9
M???C@_cK|B{~_Zs?	14	32	4	9
M???C@_cG~B{Zs~_?	14	32	4	8
M???C@_cG~Ly~_~_?	14	33	4	10
M???C@_cG~Ly^o~_?	14	33	3	10
M???C@_cG~LyZs~_?	14	33	3	8
M???C@_eKpB{Xu~_?	14	31	5	8
M???C@_eK|B{Xs~_?	14	32	4	11
M???C@_eG~B{Xs~_?	14	32	4	10
M???C@_eG~Ky~_~_?	14	33	4	10
M???C@_eG~Ky^o~_?	14	33	4	10
M???C@_eJMkyFw~_?	14	32	4	8
M???C@_fk|B{^o~_?	14	35	3	6
M???C@_fg~^o~_^o?	14	36	3	6
M???CB_wBANw~_Fm?	14	31	4	6
M???CB_wBARp^oF{?	14	30	4	9
M???CB_wBARp^oFm?	14	30	4	8
M???CB_wBaPpF{~_?	14	30	4	10
M???CB_wBa@vF{~_?	14	31	5	8
M???CB_w?~nw~_~_?	14	35	3	4
M???CB_w?~nw^o~_?	14	35	3	4
M???CB_w?~b}^o~_?	14	35	5	3
M???CB_s?~Dy~_^o?	14	33	3	9
M???CB_{Ba@vFw~_?	14	31	5	9
M???CB_{?^b{~_^o?	14	34	4	6
M???CB_e?~Ky~_~_?	14	33	3	10
M???CB_e?~Ky~_^o?	14	33	3	12
M???CB_e?~KyFw~_?	14	32	4	10
M???CB_e?Nb{Xs~_?	14	31	5	12
M???CB_u@Mb{^o~_?	14	33	3	11
M???CB_fCwB{Wu~_?	14	31	4	10
M???CB_fBEb{~_~_?	14	33	3	10
M???CB_fBEb{^o~_?	14	33	3	11
M???CB_fBEb{Fw~_?	14	32	4	10
M???CB_WO~B{fc~_?	14	32	4	8
M???CB_WO~B{fc^o?	14	32	4	9
M???CB_WO~B{Fk~_?	14	32	4	7
M???CB_WO~Rq~_~_?	14	33	3	8
M???CB_WO~Rq~_^o?	14	33	3	9
M???CB_WO|~o~_^o?	14	34	3	6
M???CB_WO|b{~_~_?	14	33	4	6
M???CB_WO|b{^o~_?	14	33	4	7
M???CB_WO|b{fc~_?	14	32	4	8
M???CB_WO|b{Fk~_?	14	32	4	6
M???CB_WO|bu~_^o?	14	33	5	5
M???CB_SO~Tq~_^o?	14	33	3	11
M???CB_[RaB{be~_?	14	31	4	10
M???CB_[Ra@vFw~_?	14	31	5	10
M???CB_EW~[q~_^o?	14	34	4	8
M???CB_Fz}^o~_~_?	14	38	2	4
M???CB_Fz}Nw~_~_?	14	38	2	5
M???CB_Fz}Nw^o~_?	14	38	2	5
M???CB_Fw~Nw~_~_?	14	37	3	4
M???CB_Fw~Nw^o~_?	14	37	3	4
M???CB_Fw~B{~_^o?	14	36	3	3
M???C@o[F_PuB}^o?	14	31	4	6
M???C@o[CXmXB{~_?	14	31	5	8
M???C@o[C\`}~_^o?	14	33	5	5
M???C@o{F_PsB}^o?	14	31	4	7
M???C@o{Ba@}bi~_?	14	31	5	8
M???C@o{C\PsB{^o?	14	31	5	8
M???C@o{C\@}~_^o?	14	33	4	7
M???C@o{C\@}^o^o?	14	33	4	7
M???C@o{C\@}B{^o?	14	32	4	6
M???C@obN_MYBy~_?	14	31	5	10
M???C@obG^MY~_~_?	14	33	4	8
M???C@obG^MY^o~_?	14	33	4	9
M???C@obG^MY[s~_?	14	32	4	9
M???C@obg^^o~_^o?	14	35	3	6
M???CBo{F_@~^o~_?	14	34	4	3
M???CBo{BaPpB{~_?	14	31	4	9
M???CBo{BaPpB{^o?	14	31	4	9
M???CBo{Ba@v^o~_?	14	33	4	6
M???CBo{?^~o~_^o?	14	36	3	4
M???CBo{?^~o^o^o?	14	36	3	4
M???CBo{?^`}~_^o?	14	35	5	3
M???CBoy?^Ay~_^o?	14	33	3	9
M???CBor?^EY~_^o?	14	33	3	12
M???CBob_^MI~_~_?	14	33	3	9
M???CBob_^MI~_^o?	14	33	3	9
M???CBoB~{^o~_^o?	14	38	2	5
M???CBoB~{^o^o^o?	14	38	2	5
M???CB}~f{^o~_^o?	14	43	1	0
M???CB}~f{^o^o^o?	14	43	1	0
M???CB}~f{Nw^o^o?	14	43	1	0
M???EB?KF_XqB}Nw?	14	30	4	10
M???EB?KEO`}~_Ly?	14	30	4	10
M???EB?KEWe\B{~_?	14	30	5	12
M???EB?KE[`}~_Nw?	14	32	6	8
M???EB?{F_^oB}Nw?	14	33	5	8
M???EB?{EW@}Ky~_?	14	31	5	10
M???EB?{@b@}ra~_?	14	31	5	10
M???EB?{?^~o~_Nw?	14	35	5	5
M???EB?{?^~oNwNw?	14	35	4	6
M???EB?{?^`}Nw~_?	14	34	4	7
M???EB?MEK~?@|Nw?	14	30	5	11
M???EB?MEK_}~_Nw?	14	31	5	11
M???EB?~`~^o~_~_?	14	39	2	0
M???EB?~`~^oNw~_?	14	39	4	0
M???EA_W@}Jsfc~_?	14	31	3	12
M???EA_W@}JsfcNo?	14	30	4	10
M???EA_w@qGt~_F{?	14	30	6	13
M???EA_w@}Js~_F{?	14	33	5	8
M???EA_[C[fwVg~_?	14	31	3	14
M???EA_{@}JsB{~_?	14	33	5	10
M???EA_uApCzFw~_?	14	31	5	11
M???EA_u@MfwVg~_?	14	32	4	12
M???EA_u@Mb{Vg~_?	14	32	5	12
M???EA_KV?Hu~_Fy?	14	30	6	11
M???EA_KP}XqVg~_?	14	32	4	12
M???EA_KQ`B{be~_?	14	29	5	13
M???EA_KO~B{Rk~_?	14	32	4	10
M???EA_KO~XqVg~_?	14	32	4	10
M???EA_KO~Hu~_~_?	14	33	5	9
M???EA_KO~HuNo~_?	14	32	4	11
M???EA_KO~HuVg~_?	14	32	4	11
M???EA_MPqGvFw~_?	14	31	5	10
M???EA_MPMGuUI~_?	14	29	5	16
M???EA_MQLfwVg~_?	14	32	4	12
M???EA_MQLb{~_~_?	14	33	5	11
M???EA_MQLb{No~_?	14	32	4	13
M???EA_MQLb{Fw~_?	14	32	4	11
M???EA_Np}FwVg~_?	14	35	3	6
M???EA_Np}Js~_~_?	14	36	3	7
M???EA_Np}JsVg~_?	14	35	3	8
M???EA_Nq|^o~_~_?	14	37	2	6
M???EA_E^KfwVg~_?	14	33	4	11
M???EA_Fx}FwVg~_?	14	35	3	8
M???EA_Fx}Js~_~_?	14	36	4	6
M???EA_Fw~FwVg~_?	14	35	3	6
M???EB_w@aXp~_F{?	14	31	5	8
M???EB_w@}^o~_F{?	14	35	4	4
M???EB_w@}Fw~_F{?	14	34	4	7
M???EB_s@aXpFwJs?	14	29	5	12
M???EB_s?~B{Js~_?	14	33	4	8
M???EB_s?~Dy~_~_?	14	34	4	6
M???EB_s?~DyNo~_?	14	33	4	8
M???EB_s?^b{Js~_?	14	33	4	8
M???EB_{?~FwB{~_?	14	34	5	7
M???EB_MPqB{pe~_?	14	32	5	11
M???EB_MPMWquAFw?	14	29	5	16
M???EB_MUKfwFw~_?	14	33	4	10
M???EB_MUKb{~_~_?	14	34	4	8
M???EB_MUKb{Fw~_?	14	33	5	9
M???EB_Np}B{~_~_?	14	37	3	4
M???EB_Np}B{No~_?	14	36	3	5
M???EB_No~^o~_~_?	14	38	3	3
M???EB_No~B{~_~_?	14	37	4	3
M???EB_No~B{No~_?	14	36	3	5
M???EB_Fw~B{No~_?	14	36	3	3
M???E?o{F_FwrgB}?	14	31	4	10
M???E?o{?^fwrg~_?	14	33	5	10
M???E?o{?^fwrgNo?	14	32	5	12
M???E?o}FoFwrg@}?	14	32	4	10
M???E?oB?^EYok~_?	14	28	5	16
M???E?oB?Ffwrg{c?	14	28	4	16
M???E?oKV_FwByrk?	14	30	5	12
M???E?oKV_@|rk~_?	14	31	5	11
M???E?oKU@@{Be~_?	14	27	4	14
M???E?oKOZFw{ark?	14	30	6	13
M???E?oKO^Fwrk~_?	14	32	5	10
M???E?oKO^@{rk~_?	14	31	4	10
M???E?oKO^Xu~_~_?	14	33	5	8
M???E?oKO^Xurk~_?	14	33	3	8
M???E?oMV_@|pk~_?	14	31	6	13
M???E?oMPq@{pm~_?	14	31	5	10
M???E?oMO^@{pk~_?	14	31	5	12
M???E?oMO^Wu~_~_?	14	33	5	9
M???E?oMO^WuNo~_?	14	32	5	12
M???E?oMO^Wurg~_?	14	32	4	11
M???E?oMO^Wupk~_?	14	32	4	9
M???E?oBW^]QNorg?	14	31	5	12
M???E?oB^cfwrg~_?	14	33	4	12
M???E?oB^cfwrgNo?	14	32	5	12
M???E?oBx}Xs~_~_?	14	35	4	9
M???E?oBx}XsNo~_?	14	34	4	9
M???E?oBw^Fwrg~_?	14	33	4	10
M???E?oBw^Fwrg{E?	14	32	4	10
M???EAowA\ByNo~_?	14	32	4	11
M???EAokB_PpNoRk?	14	28	4	13
M???EAok@q@}Pm~_?	14	31	5	10
M???EAokA\fw~_~_?	14	34	3	7
M???EAokA\fwNo~_?	14	33	4	8
M???EAokA\huNo~_?	14	33	5	7
M???EAokA\`}No~_?	14	33	6	7
M???EAo[A\HsbcNo?	14	29	4	13
M???EAo[A\PqNo~_?	14	31	3	13
M???EAo[A\PqNoNo?	14	30	4	12
M???EAo[A\PqNoB{?	14	30	4	12
M???EAo{A\@}No~_?	14	33	5	9
M???EAoqA\EyNo~_?	14	32	4	11
M???EAoq?^HsLs~_?	14	31	5	13
M???EAoiA\IqNo~_?	14	31	3	13
M???EAoYA\QqNo~_?	14	31	3	15
M???EAom@q@{Pm~_?	14	31	5	11
M???EAobA\MQNo~_?	14	31	3	15
M???EAor@ehsNo~_?	14	32	4	12
M???EAoMPq@{Pm~_?	14	31	5	12
M???EAoMO^Hspc~_?	14	31	5	13
M???EAoJUchsNo~_?	14	32	4	13
M???EAoRN_EYBy~_?	14	31	5	12
M???EAoRI\UQNo~_?	14	32	4	10
M???EAoRG^UQNo~_?	14	32	5	10
M???EAoRG^EY~_~_?	14	33	5	10
M???EAoRG^EYNo~_?	14	32	5	12
M???EAoRh}^o~_~_?	14	37	2	7
M???EAoRh}Fw~_~_?	14	36	3	8
M???EAoRh}FwNo~_?	14	35	3	8
M???EAoRi\Fw~_~_?	14	35	3	7
M???EAoRi\FwNo~_?	14	34	4	8
M???EAoBy\Fw~_~_?	14	35	4	8
M???EAoBy\FwNo~_?	14	34	4	9
M???EBo{F_FwB}~_?	14	34	4	5
M???EBo{EWEXB{~_?	14	32	5	11
M???EBo{?^fw~_~_?	14	36	4	5
M???EBo{?^fwNo~_?	14	35	4	7
M???E?wM@q?}pm~_?	14	31	4	8
M???E?wM?NweMp~_?	14	31	5	10
M???E?wM?NwuNo~_?	14	32	5	8
M???E?wM?NwuNo}A?	14	31	5	10
M???E?wpno^?No@z?	14	32	4	11
M???EAwmDoGvNo~_?	14	33	4	6
M???E?pwD_ByRi~_?	14	30	5	13
M???E?pwF_ByBm~_?	14	31	5	10
M???E?pw?}fwrg~_?	14	33	4	9
M???E?pw?}xs~_~_?	14	34	4	8
M???E?pw?}xsrg~_?	14	33	4	9
M???E?pw?}byrg~_?	14	33	5	7
M???E?pw?\by~_~_?	14	33	5	8
M???E?pw?\byNo~_?	14	32	4	10
M???E?pw?\byrg~_?	14	32	5	10
M???E?pw?\byFs~_?	14	32	4	8
M???E?p{F_@zrg~_?	14	32	5	9
M???E?p{F_@zrgNo?	14	31	5	12
M???E?piAkfwrg~_?	14	32	4	14
M???E?pMP}Wurg~_?	14	34	5	8
M???E?pMUPWuLq~_?	14	32	5	11
M???E?pJUcxsNo~_?	14	33	4	11
M???E?pBo\]B~_~_?	14	33	5	7
M???E?pBo\]BNo~_?	14	32	5	10
M???E?pBo\]BNorg?	14	31	5	12
M???E?pBo\]B{E~_?	14	32	4	7
M???E?pBv_xs~_~_?	14	34	4	9
M???E?pBv_xsNo~_?	14	33	4	11
M???E?pBv_xsrg~_?	14	33	4	10
M???E?pBv_xsrgNo?	14	32	5	10
M???E?pNp}Fwrg~_?	14	36	3	5
M???E?pNu\^o~_~_?	14	38	3	6
M???E?pNu\Fw~_~_?	14	37	3	6
M???E?pNu\Fwrg~_?	14	36	4	7
M???E?xmDoGvNo~_?	14	33	4	8
M???E?xMToGvNo~_?	14	33	4	8
M???E?xMP}Fwpk~_?	14	35	4	7
M???E?xMP}Wu~_~_?	14	36	4	5
M???E?xMULwuNo~_?	14	35	5	5
M???E?xLULXQNo~_?	14	33	4	10
M???E?xHuLZA~_~_?	14	34	4	10
M???E?xHuLZANo~_?	14	33	4	12
M???E?xph}^o~_~_?	14	38	3	5
M???E?xph}Fw~_~_?	14	37	3	6
M???E?xph}FwNo~_?	14	36	3	6
M???E?~~f{^o~_~_?	14	43	1	0
M???E?~Nv{^o~_~_?	14	42	2	0
M???E?~Np}^o~_~_?	14	41	2	0
M???E?~Np}Fw~_~_?	14	40	2	0
M???FB_wFo?~~_F{?	14	34	4	5
M???FB_wF{B}~_~_?	14	37	3	0
M???FB_wF{B}~_F{?	14	37	6	0
M???FB_{?~@}~_~_?	14	36	5	3
M???FB_{?~@}Fw~_?	14	35	4	4
M???FB_{?^`}Fw~_?	14	35	4	4
M???FB_eBKb{~_~_?	14	34	3	8
M???FB_eBKb{Fw~_?	14	33	5	8
M???FB_eBKkqFw~_?	14	32	4	11
M???FB_e?NkqFw~_?	14	32	5	10
M???FB_F~{^o~_~_?	14	40	2	0
M???FB_Fw~^o~_~_?	14	39	4	0
M???FB_Fw~B{~_~_?	14	38	6	0
M???FBOw@\DsFs~_?	14	32	4	11
M???FBOw@\By~_~_?	14	34	3	7
M???FBOw@\ByFs~_?	14	33	5	8
M???FBOw@\@}Fs~_?	14	33	5	8
M???FBOk?}DsRc~_?	14	31	3	12
M???FBO{?}DsB{~_?	14	33	5	8
M???FBOq?}DsLc~_?	14	31	3	12
M???FBOq?^AyHk~_?	14	31	5	12
M???FBOi@\IqFo~_?	14	31	3	14
M???FBObBcbwJg~_?	14	31	3	14
M???FBOFo}Ds~_~_?	14	35	3	7
M???FBOFo}DsJg~_?	14	33	4	10
M???FBOFp\^o~_~_?	14	37	2	6
M???FBOBw}Ds~_~_?	14	35	4	6
M???FBo{F_Bw~_B}?	14	34	4	5
M???FBo{?}BwB{~_?	14	34	5	7
M???FBo{?}@}~_~_?	14	36	4	4
M???FAW[?}PqXg~_?	14	31	3	14
M???FAW]BoBwXg`e?	14	29	4	16
M???FAWx?ubwXg~_?	14	32	4	11
M???FAWT?}Ksic~_?	14	31	3	16
M???FAW`_}Ks]C~_?	14	31	3	16
M???FAWFRDbwXg~_?	14	32	5	11
M???FAWDo}\AXg~_?	14	32	4	11
M???FAWFo}Ks~_~_?	14	35	3	8
M???FAWFo}KsXg~_?	14	33	4	11
M???FAWFrL^o~_~_?	14	37	2	8
M???FBWuEoBwHm~_?	14	33	4	8
M???FA[fCwBwWm~_?	14	33	4	8
M???F?\{F_[SBu~_?	14	33	4	8
M???F?\FvD^o~_~_?	14	38	3	3
M???F?^~f{^o~_~_?	14	43	1	0
M???F?^Fv{^o~_~_?	14	41	2	0
M???Fbo{F_^oB}~_?	14	37	3	0
M???Fbo{?^~o~_~_?	14	39	3	0
M???Frw}Fo^?~_@~?	14	39	2	0
M???F~}~f{^o~_~_?	14	49	0	0
M??CA?_wB{VgvGF{?	14	31	4	12
M??CA?_w@}JsfWF{?	14	31	3	12
M??CA?_{B{VgvGB{?	14	31	4	12
M??CA?_{?^fwVgfW?	14	31	4	12
M??CA?_~@}JsfW~??	14	33	3	12
M??CA?_~@}JsfW^_?	14	33	3	12
M??CAA_wA|NonOF{?	14	32	5	10
M??CAA_wA|VgNoF{?	14	32	4	10
M??CAA_{B{JsnOB{?	14	32	5	12
M??CAA_{A|VgB{No?	14	32	5	12
M??CAA_~DyJsFw^_?	14	34	4	9
M??CAB_sB{B{nOJs?	14	32	4	12
M??CAB_{B{VgB{Fw?	14	33	5	9
M??CAB_u@Mb{^_nO?	14	32	4	14
M??CAB_~FwB{^_nO?	14	35	3	8
M??CAB_~?~No^_nO?	14	35	3	9
M??CAB_~?~NonONo?	14	35	3	9
M??CAB_~?~B{^_nO?	14	35	4	8
M??CAB_WdA^_FMNo?	14	29	5	12
M??CAB_W_~RinO~??	14	32	4	11
M??CAB_W_~RinO^_?	14	32	4	12
M??CAB_W_zvgNo~??	14	32	4	10
M??CAB_W_zb{nO~??	14	32	5	9
M??CAB_W_zb{nO^_?	14	32	5	10
M??CAB_SfwNoFwjS?	14	32	4	13
M??CAB_SfwB{jSNo?	14	32	4	12
M??CAB_UdI~_Fw^_?	14	32	4	13
M??CAB_UdI~_FwNo?	14	32	4	14
M??CAB_UdIb{nO^_?	14	32	4	14
M??CAB_Go~Za^_nO?	14	32	4	13
M??CAB_GoxnonO~??	14	31	4	12
M??CAB_GoxnonO^_?	14	31	4	12
M??CAB_Goxb{^_nO?	14	31	4	13
M??CAB_Cw~\a^_nO?	14	33	5	11
M??CAB_Fz{No^_nO?	14	35	3	8
M??CAB_Fz{NonOnO?	14	35	3	10
M??CAB_Fz{NonONo?	14	35	3	10
M??CAB_Fz{VgNoNo?	14	35	3	10
M??CAB_Fw~No^_nO?	14	35	4	8
M??CAB_Fw~NonONo?	14	35	3	8
M??CA?oKFwFwRkb[?	14	30	6	10
M??CA?o{EX@}^_nO?	14	31	5	13
M??CA?o{A\PkB{No?	14	30	4	12
M??CA?ooI\Pk~?Ns?	14	30	5	13
M??CA?ooG^NonONs?	14	31	3	14
M??CA?oqI\Pk~?Ls?	14	30	5	14
M??CA?oqG^Ey^_nO?	14	31	4	14
M??CA?orG^NonO~??	14	32	4	12
M??CA?orG^NonO^_?	14	32	4	12
M??CA?orG^Xc^_nO?	14	31	4	12
M??CA?orG^Hs^_nO?	14	31	4	12
M??CAAo{A\@}nO^_?	14	32	5	10
M??CAAo{A\@}nONo?	14	32	5	10
M??CAAoQg^NolS~??	14	32	5	11
M??CAAoQg^FwlS~??	14	32	5	12
M??CAAoRg^NonO~??	14	33	4	10
M??CABo{F_NonOB}?	14	33	4	6
M??CABo{FwNonOB{?	14	34	4	8
M??CABo{B{NonOB{?	14	34	4	8
M??CABo{B{VgB{No?	14	34	4	8
M??CABo{B{VgB{B{?	14	34	6	6
M??CABoy?^Ay^_nO?	14	32	4	12
M??CABor?^EY^_nO?	14	32	4	15
M??CABoY_^Qi~?No?	14	32	4	15
M??CABoR_^UI~?^_?	14	32	4	12
M??CABoR_^UI~?No?	14	32	4	12
M??CABoB~wNo^_nO?	14	35	3	10
M??CABoBz{Vg~?~??	14	35	3	10
M??CABoBz{Vg~?No?	14	35	3	10
M??CABoBz{Vg^_^_?	14	35	3	9
M??CABoBz{Vg^_nO?	14	35	3	10
M??CA?wMEH_}^_nO?	14	30	5	10
M??CABw}FoNonO@}?	14	35	3	6
M??CE@_{Cx@}^_No?	14	32	5	12
M??CE@_WfwReNoFw?	14	32	6	12
M??CE@_[`ePf~?Fw?	14	31	5	13
M??CE@_eJK~_FwNo?	14	32	5	14
M??CE@_fJ{Fw~?Fw?	14	34	5	10
M??CEB_~FwB{^_No?	14	36	4	6
M??CEB_~?~No^_No?	14	36	4	7
M??CEB_Wfw^_F[No?	14	33	5	9
M??CEB_WfwBm^_No?	14	33	5	10
M??CEB_WfwBmNoNo?	14	33	5	11
M??CEB_W`E^_NoFM?	14	30	6	13
M??CEB_Wcw~_FwNo?	14	32	5	11
M??CEB_Wcw~_F[No?	14	32	6	12
M??CEB_WcwnoFwNo?	14	32	5	13
M??CE?o{@e@}rI^_?	14	31	6	15
M??CE?o{EX@}^_No?	14	32	6	12
M??CE?o{A\XcNoB{?	14	31	5	14
M??CE?oqI\@{Ls~??	14	31	6	15
M??CE?oqG^Ey~?^_?	14	32	5	12
M??CE?orG^^_No^_?	14	33	5	12
M??CE?orG^Hs~?No?	14	32	5	13
M??CE@o{@ePdB{^_?	14	31	6	13
M??CE@o[`e@{bM~??	14	31	5	13
M??CEBo{Bc^_B]No?	14	33	4	10
M??CEBo{?^noNo~??	14	35	5	8
M??CEBor?^EY~?^_?	14	33	5	13
M??CEBor?^EY^_^_?	14	33	5	13
M??CEBo[bcFwB]~??	14	33	4	10
M??CEBoB~w^_No^_?	14	36	4	8
M??CEBoB~wFw^_^_?	14	36	4	8
M??CEAwm@qFw~?Pm?	14	33	4	10
M??CEA{nDwFg^_On?	14	35	3	6
M??CEA{n@yFg^_On?	14	35	3	7
M??CEB{~FwFw^_~??	14	39	2	3
M??CEB{Nr{No^_^_?	14	39	2	6
M??CE@A{?]vcNo~??	14	32	5	11
M??CE@A{?]vcNo^_?	14	32	5	12
M??CE@A{?]vcNW^_?	14	32	5	14
M??CE@A~FwFw^_nG?	14	35	3	8
M??CE@A~FwFwnGNo?	14	35	4	6
M??CE@A~FwFwnGNW?	14	35	4	7
M??CE@A~B{FkNonG?	14	35	5	9
M??CE@A~B{FkNWNW?	14	35	4	5
M??CE@a{?]rc~?No?	14	32	5	13
M??CE@a{?]rc^_No?	14	32	5	14
M??CE@a{?]bkNo~??	14	32	5	13
M??CE@afNw^_^_No?	14	35	3	10
M??CE@afNw^_NoNo?	14	35	4	8
M??CE@afNwNo^_No?	14	35	3	10
M??CE@afNwNoNoNo?	14	35	4	9
M??CE@afNwFwNoNo?	14	35	4	7
M??CE@afKx^_^_No?	14	34	4	9
M??CE@afKx^_NoNo?	14	34	5	9
M??CE@afGz^_~?No?	14	34	5	10
M??CE@afGz^_No^_?	14	34	5	11
M??CE@q[bcPfNo~??	14	33	4	8
M??CB@_{F_NofWB}?	14	32	5	11
M??CB@_{FwRkB{^_?	14	33	5	9
M??CB@_{CzRkB{^_?	14	33	5	10
M??CB@_{Cz@}^_^_?	14	33	6	9
M??CB@_{Cz@}^_Fw?	14	33	4	10
M??CB@_EFG_}^_fW?	14	29	5	13
M??CB@_}FoNofW@}?	14	33	4	10
M??CB@_~Cz^_Fw^_?	14	35	5	6
M??CBB_{CyNoFwB{?	14	33	4	10
M??CBB_Wfw^_fSFw?	14	33	5	9
M??CBB_WfwNoFwfS?	14	33	5	9
M??CBB_WfwB{FwfS?	14	33	5	10
M??CBB_WfwB{fSfS?	14	33	4	10
M??CBB_W_z~_FwfS?	14	33	4	10
M??CBB_[bc^_bUFw?	14	32	6	13
M??CBB_[cYrgFw~??	14	32	5	13
M??CBB_[cYrgFw^_?	14	32	5	13
M??CBB_[cYb{~?~??	14	33	5	11
M??CBB_[cYb{^_~??	14	33	5	11
M??CBB_[cYb{Fw~??	14	33	6	11
M??CBB_[_ZrgFw~??	14	32	5	12
M??CBB_[_ZrgFw^_?	14	32	5	12
M??CBB_fSyRg^_Fw?	14	33	4	10
M??CBB_fSyB{~?^_?	14	34	4	9
M??CBB_fSyB{^_^_?	14	34	4	9
M??CBB_fO~^_~?^_?	14	35	4	8
M??CBB_fO~^_^_^_?	14	35	4	8
M??CBB_fO~No^_^_?	14	35	4	7
M??CBB_fO~B{~?^_?	14	35	5	7
M??CBB_fO~B{^_^_?	14	35	5	7
M??CB@O{CyTcB{^_?	14	31	5	14
M??CB@OaW}Ds~?\c?	14	31	4	15
M??CB@ObW}Ds~?^_?	14	32	5	12
M??CBBOwCyDs^_Fs?	14	31	5	14
M??CBBOk@\HqFofO?	14	29	5	15
M??CBBO{@\RgB{^_?	14	32	6	12
M??CBBOy?mrgJg^_?	14	31	5	15
M??CBBOW_}Ds~?fS?	14	31	5	14
M??CBBOeRKbwJg~??	14	31	5	15
M??CBBOePL`{~?^_?	14	32	6	13
M??CBBObRcbwJg~??	14	31	5	16
M??CBBOfO}Ds^_~??	14	33	4	13
M??CBBOBx\Rg^_~??	14	33	5	12
M??CB@o{?}PkB{^_?	14	32	5	11
M??CB@o{CZRgB{^_?	14	32	5	11
M??CB@obW^Rg^_~??	14	33	5	9
M??CBBo{CyRgB{^_?	14	33	5	11
M??CBBo{Cy@}~?^_?	14	34	4	9
M??CBBo{Cy@}^_^_?	14	34	5	9
M??CBBo{Cy@}^_B{?	14	34	5	8
M??CBBo{?}RgB{^_?	14	33	5	11
M??CB?W`[qBw~?Xi?	14	30	5	15
M??CB?W`[yBwXg~??	14	30	5	15
M??CB?W`WuKsxI~??	14	30	4	13
M??CB?W`W}BwXg~??	14	30	5	15
M??CB?W`W}Ks~?~??	14	31	5	15
M??CB?W`W}Ks~?^_?	14	31	4	15
M??CB?W`W}Ks~?]c?	14	31	4	16
M??CB?W`WNRgxG^_?	14	29	5	16
M??CBAPwFw^_ZgFs?	14	33	5	11
M??CBAPwFwLsFs^_?	14	33	5	11
M??CBAPwFwLsFsFs?	14	33	6	9
M??CBAPwCyByZg~??	14	32	5	12
M??CBAPwCyByZg^_?	14	32	5	11
M??CBAPwCy@u^_Fs?	14	31	5	13
M??CBAPs?}Du~?^_?	14	32	5	12
M??CBAPs?}Du~?Zg?	14	32	5	12
M??CBAPs?]du~?^_?	14	32	5	11
M??CBAPq?}Eq~?Zg?	14	31	5	15
M??CBAPy?mrg~?Zg?	14	32	5	14
M??CBAPy?mrg^_Zg?	14	32	5	13
M??CBAPy?mbw~?Zg?	14	32	5	12
M??CBAPu@LbwZg~??	14	32	5	14
M??CBAPSdWbw~?Zg?	14	31	5	15
M??CBAPS`Xbw~?^_?	14	31	4	14
M??CBAPS`Xbw~?Zg?	14	31	4	15
M??CBAPeO}^_XkZg?	14	33	5	11
M??CBAPbO}MQ~?Zg?	14	32	5	14
M??CBAPfO}^_~?Zg?	14	34	4	11
M??CBAPfO}^_^_Zg?	14	34	4	11
M??CBAPfO}^_ZgZg?	14	34	5	11
M??CBAPErHrgZg~??	14	32	6	12
M??CBAPErHbw~?Zg?	14	32	5	12
M??CBAPBsy]A^_Zg?	14	32	5	13
M??CBAPBo\]B^_~??	14	32	6	10
M??CBAPBv_~_Zg^_?	14	33	5	12
M??CBAPBv_bw~?Zg?	14	32	5	12
M??CBAPFo}NoZg~??	14	34	4	10
M??CBAPFo}Ls~?~??	14	34	4	10
M??CBAPFo}LsZg~??	14	34	4	10
M??CBAPFr\^_~?~??	14	35	4	9
M??CBAPFr\No~?~??	14	35	4	11
M??CBAPFr\No^_~??	14	35	3	11
M??CBAPFr\Ls~?~??	14	35	4	9
M??CBAPFr\Ls^_~??	14	35	3	10
M??CBAPWg}LsfS~??	14	33	5	11
M??CBAPBn_rgFo^_?	14	31	5	14
M??CBAPBn_rgFoZg?	14	31	6	13
M??CBAPBn_bw^_~??	14	32	5	12
M??CBAPBn_bwZg~??	14	32	5	14
M??CB?XeV@KuFq~??	14	32	5	13
M??CB?XfO}[cXg~??	14	32	5	13
M??CBAXx?ubwXg~??	14	32	5	13
M??CBAXx?ubwXg^_?	14	32	5	12
M??CBAXdRLBwYc~??	14	32	5	13
M??CBAXfO}Ks~?~??	14	34	4	10
M??CBAXfO}Ks~?^_?	14	34	4	10
M??CBAXDrLRgyC^_?	14	32	5	14
M??CBAXDrL\A~?^_?	14	33	5	13
M??CBAXFo}Ks~?~??	14	34	4	11
M??CBAXFo}Ks^_~??	14	34	4	11
M??CBAXXg}^_~?~??	14	35	4	8
M??CBAXXg}No~?~??	14	35	4	10
M??CBAXXg}No^_~??	14	35	4	10
M??CBA\}Fo^?^_@v?	14	35	3	8
M??CFB_{Fw@}^_Fw?	14	35	6	6
M??CFB_Wb{^_F[F[?	14	34	6	6
M??CFB_Wb{B{~?F[?	14	34	6	7
M??CFB_Wcwno~?F[?	14	33	5	9
M??CFB_Wcwno^_F[?	14	33	5	9
M??CFB_WcwnoFw~??	14	33	4	10
M??CFB_WcwnoFw^_?	14	33	4	10
M??CFB_SdWnoFw~??	14	33	4	11
M??CFB_[_Zb{~?~??	14	34	5	8
M??CFB_[_Zb{^_~??	14	34	5	9
M??CFB_Fw~No~?~??	14	37	5	4
M??CFB_Fw~No^_~??	14	37	5	4
M??CFBOW`cBiJgrA?	14	28	5	19
M??CFBOWcwbwJg~??	14	31	4	14
M??CFBOWcwbwJg^_?	14	31	4	15
M??CFBOWcwbiJg^_?	14	31	5	13
M??CFBOW_ybwJg~??	14	31	5	14
M??CFBOW_yds^_~??	14	32	4	13
M??CFBOKeWbwJg^_?	14	31	4	16
M??CFBOQ_}DslC~??	14	31	4	14
M??CFBOFo}Ds^_~??	14	34	4	10
M??CFBOFp\^_~?^_?	14	35	3	9
M??CFBOFp\^_^_^_?	14	35	3	10
M??CFBOBw}Ds^_~??	14	34	5	9
M??CFBo{BcBw~?B]?	14	33	4	10
M??CFBo{?}@}^_~??	14	35	5	7
M??CFBo[bcBw~?B]?	14	33	4	11
M??CFAWxBHBwEu^_?	14	32	5	11
M??CFAWx?ubwXg~??	14	32	5	13
M??CFAWx?ubwXg^_?	14	32	5	12
M??CFAWS_}KsjC~??	14	31	4	17
M??CFAWS_}KsjC^_?	14	31	4	16
M??CFAWFRDbwXg~??	14	32	5	13
M??CFAWFRDks^_~??	14	33	5	10
M??CFAWDvObwXg~??	14	32	5	13
M??CFAWFo}Ks~?~??	14	34	4	10
M??CFAWFo}Ks^_~??	14	34	4	11
M??CFAWFrL^_~?^_?	14	35	3	12
M??CFAWFrL^_^_^_?	14	35	3	12
M??CFA[f?yKV^_~??	14	34	4	8
M??CFA[f?yKV^_^_?	14	34	5	7
M??CFA[f?yKV^_Wm?	14	34	4	7
M??CFA[f?}Bw^_WN?	14	34	4	9
M??CF@aFo}Rc~?~??	14	34	4	9
M??CF@aFo}Rc^_~??	14	34	4	10
M??CF@aFo}RcfG~??	14	33	5	10
M??CF@aFsx^_~?^_?	14	35	3	10
M??CF@aFoz^_~?~??	14	35	4	6
M??CF@aFozNo~?~??	14	35	4	8
M??CF@aFozNo^_~??	14	35	4	8
M??CF@aFozRc~?~??	14	34	5	9
M??CF@aFozRc~?^_?	14	34	5	9
M??CF@QFo}Tc^_~??	14	34	4	11
M??CF@QFtX^_~?^_?	14	35	3	11
M??CF?ZFvH^_~?^_?	14	36	4	7
M??CF?^^fw^_~?~??	14	39	2	4
M??CF?^^b{^_~?~??	14	39	2	6
M??CF?^^b{^_~?^_?	14	39	2	6
M??CF?^^b{No~?^_?	14	39	2	5
M??CF?^Fr{No~?^_?	14	38	3	5
M??CB`o[FoPm^_@}?	14	33	4	8
M??CB`o[FwPm^_B{?	14	34	6	5
M??CB`o{CZ@}^_~??	14	34	5	7
M??CB`o{CZ@}^_^_?	14	34	6	7
M??CB`o{CZ@}^_B{?	14	34	4	7
M??CB`ob^o^?^_@z?	14	34	4	10
M??CB`obW^^_~?^_?	14	35	5	6
M??CBbo{BcPh^_B{?	14	33	5	10
M??CBbo{BcPhB{~??	14	33	4	10
M??CBaL}Fo^?^_@v?	14	35	3	8
M??CFbo{BcNoB]~??	14	35	3	6
M??CFbo{?^no~?~??	14	37	3	4
M??CFbo{?^no~?B{?	14	37	5	3
M??CFbo[bc@n~?^_?	14	35	3	7
M??EE?oKF_FwrKB}?	14	31	4	13
M??EE?oKFoFwrK@}?	14	31	5	14
M??EE?oKFw@}NorK?	14	32	6	12
M??EE?o{@e@}rI~??	14	32	5	13
M??EE?o{EXXcNoB{?	14	32	6	12
M??EE?o{EX@}~?No?	14	33	5	11
M??EE?o{EX@}NoNo?	14	33	5	11
M??EE?oBE@`{Ks~??	14	28	4	16
M??EE?oqN_@|~?Ls?	14	32	5	12
M??EE?oqMX@{~?Ls?	14	32	5	12
M??EE?oqG^^_~?Ls?	14	33	6	10
M??EE?oqG^^_NoLs?	14	33	4	11
M??EE?oqG^@{Ls~??	14	32	5	13
M??EE?orNo^?No@z?	14	33	4	10
M??EE?orG^^_No~??	14	34	5	9
M??EE?orG^Xc~?No?	14	33	6	10
M??EE?orG^Xc~?Kt?	14	33	4	11
M??EEBo{Fw@}No~??	14	36	4	8
M??EEBo{Fw@}NoNo?	14	36	6	7
M??EEBoy?^Ay~?No?	14	34	6	10
M??EEBoB~wFw~?No?	14	37	5	5
M??EE?wMEH_}~?No?	14	32	5	12
M??EE?wMEH_}~?Mq?	14	32	5	11
M??EE?wpNo^?No@z?	14	33	4	8
M??EEB{NvwFw~?~??	14	40	4	0
M??ED@_{@{JgfGB{?	14	31	4	14
M??ED@_NayRc~?~??	14	33	3	12
M??ED@_NayRc~?Fw?	14	33	6	12
M??ED@_NayRcN_~??	14	32	4	13
M??ED@_NayRcN_N_?	14	31	4	10
M??EDB_Nay^_Fw~??	14	35	5	8
M??EDB_NayFo~?Fw?	14	34	5	11
M??ED@O{AyTcN_B{?	14	31	5	15
M??ED@OUTH`{N_~??	14	31	6	15
M??ED@OAyyTcN_|C?	14	31	4	15
M??ED@OByyTcN_~??	14	32	5	14
M??EDBo{@{Jg~?B{?	14	34	4	10
M??ED?WHguGk~?xI?	14	30	4	14
M??ED?WHiJ[cFo~??	14	30	5	16
M??ED?W@~HFoVO~??	14	31	4	15
M??ED?W@~HFoVO}C?	14	31	4	15
M??EDBWuAqBwHm~??	14	33	4	12
M??ED?qw@{Hk~?Fs?	14	32	6	14
M??ED?qwAaPd~?Fs?	14	30	5	15
M??ED?qwAyXc~?Fs?	14	32	6	12
M??ED?qwAyHk~?Fs?	14	32	6	14
M??ED?qwEXHk~?Fs?	14	32	5	13
M??ED?qwAZ^_~?Fs?	14	33	6	11
M??ED?qwAZHk~?Fs?	14	32	6	14
M??ED?qN`{JgrG~??	14	33	4	12
M??ED?qN`{HkVO~??	14	33	4	12
M??ED?qN_}JgrG~??	14	33	5	12
M??ED?qN_}Hk~?~??	14	34	5	12
M??ED?qN_}HkrG~??	14	33	6	14
M??ED?qNeXJg~?~??	14	34	4	12
M??ED?qNeXJgVO~??	14	33	5	13
M??ED?qSO}FobK~??	14	31	5	15
M??ED?qSO}XcjC~??	14	31	5	16
M??ED?qSO}HkjC~??	14	31	6	16
M??ED?qSO}HkJc~??	14	31	5	17
M??ED?qSO}Pe~?~??	14	32	6	15
M??ED?qEp{[aRW~??	14	32	6	16
M??ED?qEo}HkxC~??	14	32	6	14
M??ED?qEo}WeRW~??	14	32	6	14
M??ED?qFqyJgrG~??	14	33	4	11
M??ED?qFo}JgrG~??	14	33	5	10
M??ED?qFo}Hk~?~??	14	34	5	10
M??ED?qFo}HkrG~??	14	33	5	12
M??ED?qFuXJg~?~??	14	34	5	11
M??ED?qFqZ^_~?~??	14	35	5	9
M??ED?qFqZJg~?~??	14	34	5	11
M??ED?qFqZJgN_~??	14	33	4	13
M??ED?yMdoBw~?P]?	14	33	4	12
M??ED?}N`{Jg~?~??	14	36	3	7
M??ED?}Nay^_~?~??	14	37	3	7
M??ED?}NayJg~?~??	14	36	4	9
M??ED?}VVw^_~?~??	14	38	2	6
M??ED?ZN`{[cVO~??	14	34	5	12
M??ED?ZFp{[cVO~??	14	34	5	10
M??ED?ZxH{Jg~?~??	14	35	4	10
M??ED?^N`{Jg~?~??	14	36	4	8
M??ED?^Nay^_~?~??	14	37	4	6
M??ED?^Fp{Jg~?~??	14	36	4	6
M??EFB_K`{Xa~?Fw?	14	33	5	11
M??EFB_KeW~_Fw~??	14	34	5	9
M??EFB_KeW~_FwFw?	14	34	6	8
M??EFB_KeW`m~?Fw?	14	33	6	10
M??EFB_Nfw^_Fw~??	14	37	4	4
M??EFB_Nfw^_FwFw?	14	37	6	4
M??EFB_N`{Fo~?Fw?	14	35	4	9
M??EFBOK_}DsrC~??	14	32	5	13
M??EFBOK_}DsrCB[?	14	31	5	16
M??EFBOK_ZbwJg~??	14	32	5	14
M??EFBOFo}Ds~?~??	14	35	5	8
M??EFBOFp\Fo~?~??	14	35	4	8
M??EFBOFo^Ds~?~??	14	35	6	8
M??EFBo{@{Bw~?B{?	14	35	5	9
M??EF?}Fvw^_~?~??	14	39	3	3
M??EF?}Fp{^_~?~??	14	38	3	4
M??EF?^Fp{^_~?~??	14	38	4	3
M??E@b_sEYBsJcB{?	14	31	4	14
M??E@b_{EYBsN_B{?	14	32	5	13
M??E@b_Bw|ForO~??	14	33	6	11
M??E@bo{@{Xg~?B{?	14	34	4	10
M??E@bo{@{XgB{B{?	14	34	4	10
M??E@agTG]FOpP~??	14	30	6	15
M??E@agTG]ForO~??	14	31	5	16
M??E@agTG]ForO{A?	14	30	5	17
M??E@_KBpdWK~?~??	14	30	6	14
M??E@_KBpdWK~?{K?	14	30	4	14
M??E@_qw?{`y~?rW?	14	32	6	12
M??E@_q{F_@zrW~??	14	33	5	11
M??E@_qi?]Ia~?rW?	14	30	6	14
M??E@_qBp{Xk~?~??	14	34	5	10
M??E@_qBp{XkrW~??	14	34	5	10
M??E@_qBp{]A~?rW?	14	33	6	13
M??E@_qBp{]ArWrW?	14	33	5	13
M??E@_qBuBXkNa~??	14	33	5	13
M??E@_qBuB]ArWNa?	14	32	5	14
M??E@_qBsRM`rW~??	14	32	5	12
M??E@_qBuZ^_~?~??	14	35	5	7
M??E@_qBuZXk~?~??	14	35	5	7
M??E@_i{@{XgtGBs?	14	31	6	16
M??E@_iBp{XgtG~??	14	32	5	14
M??E@_iBuhWkN_~??	14	32	6	14
M??E@_iBu`wkN_~??	14	32	5	14
M??E@_y{F_Wk~?Bu?	14	33	5	12
M??E@_}}Fo^?rO@v?	14	35	3	10
M??E@_NMeI~_~?~??	14	35	5	8
M??E@_NMeIfo~?~??	14	34	5	10
M??E@_NMeIforO~??	14	33	5	13
M??E@_NMeIfo{G~??	14	33	6	12
M??E@_NMeI}C~?~??	14	34	5	11
M??E@_NN`{]CrO~??	14	34	5	12
M??E@_NBp{Xg~?{K?	14	34	6	10
M??E@_N{H{Xg~?~??	14	35	4	10
M??EDb_RO|Fo~?~??	14	34	4	10
M??EDb_RO|FoN_~??	14	33	4	11
M??EDb_RO|BsN_~??	14	33	5	10
M??EDb_RO^BsN_~??	14	33	6	12
M??EDao{@{Hk~?B{?	14	34	5	9
M??EDaoRX{^_~?~??	14	36	3	7
M??EDaoRX{Fo~?~??	14	35	4	9
M??EDaoRYZFo~?~??	14	35	5	7
M??EDaoRYZFoN_~??	14	34	6	9
M??EDaoByZFo~?~??	14	35	5	8
M??EDaoByZFoN_~??	14	34	6	9
M??EDbGIaYEstC~??	14	31	5	15
M??EDagRQhFo~?~??	14	33	3	13
M??EDagRQhFoN_~??	14	32	4	14
M??EDawm@s@w~?P]?	14	33	4	12
M??EDaKIaYMCN_tC?	14	29	5	19
M??EDaKRR`]?N_Br?	14	31	4	14
M??EDaKRR`Fo~?~??	14	33	3	13
M??EDaKRR`FoN_~??	14	32	4	14
M??EDaKRR`FoN_N_?	14	31	4	12
M??EDaKRR`FoN_Kk?	14	31	6	12
M??ED`L{F_FoBu~??	14	34	4	10
M??ED`LNfw^_~?~??	14	38	2	7
M??ED`LN`{^_~?~??	14	37	3	7
M??ED`LN`{Fo~?~??	14	36	3	7
M??EFbo{@{@}~?~??	14	37	3	5
M??EFbo{@{@}~?B{?	14	37	4	5
M??E@owM@{?}~?p[?	14	33	5	8
M??E@owNfo^?pW@z?	14	34	4	10
M??E@rD}Fo^?N_@v?	14	35	3	8
M??E@f_k?|FoRS~??	14	32	5	14
M??E@f_k?|BsRS~??	14	32	6	13
M??E@f_k?|Hi~?~??	14	33	5	13
M??E@f_k?\bsRS~??	14	32	5	14
M??E@f_{@{BsrOB[?	14	32	6	15
M??E@f_N_|Xg~?~??	14	35	4	9
M??E@f_N_|XgrO~??	14	34	5	11
M??E@f_rUYBs~?~??	14	35	4	10
M??E@egi@{XgTK~??	14	32	5	14
M??E@egTH{ForO~??	14	33	4	12
M??E@egTH{Xg~?~??	14	34	4	12
M??E@cypX{Xg~?~??	14	36	5	7
M??E@c}NeY^_~?~??	14	38	3	5
M??E@c}NeYXg~?~??	14	37	4	8
M??E@c}rVw^_~?~??	14	39	3	5
M??FFB_~?~^_Fw~??	14	39	6	0
M??FFAWXG}^_~?~??	14	36	3	7
M??FFAWXG}Bw~?~??	14	35	5	7
M??FFA[f?}Bw~?WN?	14	36	4	7
M??FF?^Fvw^_~?~??	14	40	4	0
M??FEbo{?{Dg~?B{?	14	34	4	10
M??FEagF`YIc~?~??	14	33	3	13
M??FEaKFb`Dg~?~??	14	33	3	12
M??FFbo{?{^_B{~??	14	37	3	5
M??FCo]XVw^_~?~??	14	38	2	6
M?AA@B_}BwVOuOFw?	14	32	4	12
M?AA@B_}@{JgeoFw?	14	32	4	14
M?AA@B_XDsZGFwes?	14	31	4	14
M?AA@B_XDsZGFwE{?	14	31	4	12
M?AA@B_XDsJgFwes?	14	31	5	14
M?AA@B_\CUvOuOFw?	14	31	5	16
M?AA@B_\CUvOVOFw?	14	31	5	16
M?AA@B_\?VvOuOFw?	14	31	5	14
M?AA@B_^BwVOuOFw?	14	32	4	13
M?AA@B_^DsFouOFw?	14	32	4	14
M?AA@B_^DsZGFwFw?	14	33	5	12
M?AA@B_^DsJgeoFw?	14	32	4	14
M?AA@B_^@{JgeoFw?	14	32	4	13
M?AA@B_HbwVOFwuS?	14	31	5	16
M?AA@B_HaIN_EMeo?	14	27	5	18
M?AA@B_HaIB{uSma?	14	30	6	16
M?AA@B_HayVOFwuS?	14	31	5	15
M?AA@B_H_rjgeo}??	14	29	5	16
M?AA@B_H_rjgeo^??	14	29	5	15
M?AA@B_NayRWN_Fw?	14	32	4	14
M?AA@B_NayRWFwFw?	14	33	3	12
M?AA@BO{AyRWJgB{?	14	31	5	13
M?AA@Bo{@{JgeoB{?	14	32	5	12
M?AA@BoZ?^FouOcs?	14	31	5	18
M?AA@BoJ_^N_eosS?	14	31	5	15
M?AA@BoBzwVOuO}??	14	32	4	14
M?AA@?WwGNN_m_uO?	14	28	4	18
M?AADB_}DsN_VOFw?	14	33	5	11
M?AADB_}DsFoVOFw?	14	33	5	11
M?AADB_\?Vjgm_Fw?	14	32	5	14
M?AADB_^BwVOVOFw?	14	33	5	11
M?AADB_^DsFoVOFw?	14	33	5	12
M?AADB_kdsN_RSFw?	14	32	6	14
M?AADB_mdsN_VOFw?	14	33	5	11
M?AADB_mdsFoVOFw?	14	33	5	10
M?AADB_m`{FoVOFw?	14	33	4	11
M?AADB_HdsN_USFw?	14	31	6	15
M?AADB_HdsJIVOFw?	14	31	5	15
M?AADB_HeovOVOFw?	14	31	6	14
M?AADB_H_rvOVOFw?	14	31	5	15
M?AADB_STsN_JcFw?	14	31	6	15
M?AADB_STsN_BkFw?	14	31	6	14
M?AADB_VRwVOFwFw?	14	34	5	10
M?AADB_VRwJgm_Fw?	14	33	5	12
M?AADB_VTsFoFwFw?	14	34	4	10
M?AADB_VQyVON_Fw?	14	33	5	12
M?AAD@O{AyTSN_B{?	14	31	6	15
M?AADBOXAyDsm_Es?	14	30	6	18
M?AADBO\@\VOVOA{?	14	31	6	17
M?AADBOi`TN_FoTU?	14	31	5	13
M?AADBOURwVOBwHk?	14	31	5	16
M?AADBOTVoBwJgic?	14	31	6	16
M?AADBoB|sJg^?}??	14	33	5	13
M?AAD?WwGNVOVO^??	14	29	5	17
M?AAD@cHfoBwegUS?	14	30	6	17
M?AAFBOZ@XVOFoce?	14	31	6	15
M?AAFBO^?}VOJg}??	14	33	4	12
M?AAFBO^?}VOJgN_?	14	33	4	14
M?AAFBo^DsFoFoBw?	14	34	5	11
M?AAF@cFstVO^?}??	14	33	4	13
M?AAF@cFstVO^?^??	14	33	4	13
M?AAF@cFstVO^?m_?	14	33	4	13
M?AAF@cFstVO^?N_?	14	33	4	13
M?AAF@cFstVO^?eg?	14	33	5	12
M?AAF@cEw}^?m_m_?	14	33	5	10
M?AAF@cEw}^?m_eg?	14	33	5	12
M?AAF@cEw}N_m_^??	14	33	5	12
M?AAF@cEw}N_m_N_?	14	33	5	12
M?AAF@S}?}TSN_^??	14	33	4	15
M?AAF@S}?}TSN_m_?	14	33	4	14
M?AAF@S}?}TSN_Fo?	14	33	5	12
M?AAF@S}?}TSN_ig?	14	33	5	13
M?AAF?eFupN_m_}??	14	33	4	13
M?AAF?eFupN_m_^??	14	33	4	15
M?AAF?eFupN_m_Fo?	14	33	5	13
M?AAF?U\DcBwyGA]?	14	31	5	15
M?AA@b_qRwVOBwDk?	14	31	5	16
M?AA@b_RSUBs^?kc?	14	30	6	17
M?AA@_o{BwVOqWB{?	14	31	5	13
M?AA@_o{AZP[N_B{?	14	31	4	14
M?AA@aoqTc@{^?RY?	14	31	4	14
M?AA@_goW]As^?m_?	14	28	4	18
M?AA@b@X?]^?ecNg?	14	30	6	16
M?AA@b@X?]N_Ekm_?	14	29	5	18
M?AA@b@BvoN_m_Ng?	14	32	5	13
M?AA@b@BrwN_m_Ng?	14	32	4	14
M?AA@b@BrwVONgNg?	14	33	3	13
M?AA@b@Bo\N_m_{E?	14	31	5	13
M?AA@b@Bv_n_m_Ng?	14	32	5	14
M?AA@bHRV_Esm_Bq?	14	31	5	16
M?AA@bHRV_UQN_Bq?	14	31	5	16
M?AA@bHBrgM_m_ar?	14	31	4	14
M?AA@bHBrgVO}?aq?	14	31	5	13
M?AA@bHBrgVO^?aq?	14	31	5	14
M?AA@bHBrgVOm_aq?	14	31	5	12
M?AA@bHBrgEsm_aq?	14	31	5	15
M?AA@bHBplN_m_^??	14	32	5	15
M?AA@bHBplN_m_N_?	14	32	4	15
M?AADb_RRgBsm_Ay?	14	31	5	16
M?AADb_RO|VO^?Bw?	14	32	6	13
M?AADbGk_]N_LgRS?	14	31	5	15
M?AADbGKg]N_m_RS?	14	31	5	14
M?AADbGKg]UO^?RT?	14	31	4	14
M?AAD`L{DsFoN_Bs?	14	33	5	10
M?AEBAoePs@{^?PM?	14	31	5	17
M?AEBAoeQXFo^?Fo?	14	31	6	16
M?AEB?WwKq?{^?N_?	14	29	5	17
M?AEB@c}CrFoFo}??	14	33	6	13
M?AEB@c}CrFoFoN_?	14	33	5	13
M?AEB@cL_}^?eWa[?	14	32	6	15
M?AEB@cL_}B[}?a[?	14	32	6	15
M?AEBAX{?]n_N_}??	14	33	5	13
M?AEBAX{?]n_N_^??	14	33	5	12
M?AEBAX\@k^?FoaU?	14	32	6	16
M?AEFBo}BwFoFoBw?	14	35	6	10
M?AEF@c}BwFoEwFo?	14	34	5	11
M?AE@aoLaZ@{}?qS?	14	32	6	16
M?AE@aoqRgHkN_Ay?	14	31	5	15
M?AE@aoqQZFo^?Bw?	14	32	6	12
M?AE@`oLaY^?Bwa[?	14	31	5	15
M?AE@bH{BwN_BsLg?	14	33	6	14
M?AE@bH{AYN_N_Bs?	14	32	6	14
M?AE@bH{AYN_LgBs?	14	32	7	15
M?AE@bH{AYFoN_Bs?	14	32	6	13
M?AE@bHBplN_}?}??	14	33	5	12
M?AE@bHBplN_}?^??	14	33	5	12
M?AE@bHBplN_}?N_?	14	33	5	13
M?AE@bHBplN_}?{C?	14	33	5	13
M?ABBAO{BXBweoB{?	14	32	5	14
M?ABBBo^BwRWFoBw?	14	34	6	10
M?ABB?WEFoO]FoXK?	14	29	5	17
M?ABB?WwGNN_eo^??	14	30	5	14
M?ABB?WwGNN_eoFs?	14	31	4	14
M?ABF@cFo}RS}?^??	14	34	6	11
M?ABFAY{BwN_FoBs?	14	34	6	10
M?ABAb_edQ@{^?Fg?	14	31	6	15
M?ABAb_edQ@{^?Di?	14	31	5	17
M?ABAb_iPYROFg^??	14	30	6	17
M?ABA_ge_NTGsG^??	14	28	4	20
M?ABAaQFbg^?JWaq?	14	31	5	19
M?ABAaQFdQN_JW}??	14	31	6	16
M?ABAaIHW{TG}?TH?	14	30	6	17
M?ABAaYFf_TG^?Bq?	14	31	6	17
M?ABAaJFdQ]?^?Bp?	14	31	6	15
M?ABAaJF`Y]?^?Bp?	14	31	5	14
M?ABAaJF`YMc}?}??	14	32	5	15
M?ABAaJF`YMc}?^??	14	32	4	15
M?ABE`cJO{^?eg}??	14	32	5	13
M?ABE`cJO{^?eg^??	14	32	5	14
M?ABE`KJO{UC}?ck?	14	31	5	16
M?ABEaYFf_Dg^?Bq?	14	32	6	15
M?ABCf_}BYN_FgFg?	14	34	6	11
M?ABCfOFfoN_JWZO?	14	33	5	13
M?ABCfOFfoN_JWJW?	14	33	5	12
M?ABCfGF`h^?ZO}??	14	32	5	14
M?ABCfGF`h^?ZO^??	14	32	5	15
M?BE@_o{FoFoqWB{?	14	33	5	13
M?BE@_o{@{FoqWB{?	14	33	5	11
M?BE@_o}@{^?qW@|?	14	34	4	11
M?BE@_o}?^FoqW}??	14	33	5	13
M?BE@bHBvo^?N_Lg?	14	34	6	10
M?BDB?{{AsRGBs}??	14	32	4	14
M?BDA_NNAsTG}?{G?	14	32	4	15
M?`@F?k]CkBwsgFo?	14	32	6	15
M?`@F?kQckBwsglC?	14	31	6	19
M?`@F?kQ_}YSlCFo?	14	32	6	16
M?`@?boNAs[G`oBw?	14	29	5	18
M?`@?boNAsLG`o`o?	14	28	4	19
M?`@?boNAsLG`oBw?	14	29	5	18
M?`@?boNAsLG`o]?_	14	29	4	16
M?`@?boNAs@{oshQ?	14	31	6	21
M?`@Cbod`wDgQoBw?	14	30	6	16
M?`@Cbod`wDgQos`?	14	30	5	17
M?`@Cbod`wDgQol?_	14	30	5	15
M?`@Cbod`wHWBwYS?	14	31	5	18
M?`@E`gBqsQSl?JP?	14	30	5	17
M?`DAboUdIF_Bo?N_	14	31	6	16
M?`@`b_QsMBclC]A?	14	31	5	17
